"","H2O2","IL.1","JAK.STAT","MAPK_only","MAPK_PI3K","TLR","PI3K_only","TGFB","TNFa","VEGF","Wnt"
"697",-1.78378,-1.12887,1.87989,-3.09491,-2.86235,0.17174,-2.00036,2.17485,-1.38834,-0.66436,2.56272
"5637",-1.05653,2.69388,-1.5309,0.9668,1.73393,1.91893,0.98417,-0.50974,2.77833,1.17729,-0.25494
"201T",1.22412,2.08363,-2.60726,2.20416,0.84126,0.16585,2.1383,-0.18216,2.30928,1.12888,-0.23603
"22RV1",0.91445,-1.36554,0.87955,-1.29487,-0.97017,-1.57537,-0.12424,-0.76686,-1.00879,-3.87884,1.26294
"23132-87",-1.75114,-3.73004,0.21353,1.62622,-1.24639,-0.92349,1.7627,-0.52973,0.35311,-1.98801,-1.82419
"42-MG-BA",3.9584,2.82158,-0.69279,0.14429,0.35144,-0.03071,-6.30349,3.76439,0.12664,2.09399,-1.25711
"451Lu",-0.65466,-0.48879,0.64627,0.78998,0.12243,-0.34058,0.07057,0.01757,-0.78768,2.7475,1.47318
"639-V",0.6544,-0.78187,-2.19885,-0.66054,1.12723,1.44176,-0.30083,2.59851,0.22824,0.04731,3.07746
"647-V",0.42261,1.62898,-0.70956,3.06727,1.81539,1.95153,3.32884,-1.66792,1.08929,0.02184,3.01193
"769-P",0.06003,-0.11583,-2.2821,3.27824,1.89352,-1.1638,2.03335,-2.86444,-0.68044,1.89204,0.84079
"786-0",1.35266,1.97642,-1.43717,-0.54427,0.69449,-0.59232,-0.29379,-1.85604,1.29548,0.00742,0.84683
"8-MG-BA",0.46769,1.29027,1.02482,0.46078,-0.53958,-0.83167,-0.75444,2.12294,0.16455,1.4934,1.60866
"8305C",2.80897,2.5975,-1.54692,-0.17247,1.44016,1.60166,-2.83079,-1.66294,1.9016,-0.24273,-0.34677
"8505C",1.31869,1.832,-0.40827,0.92492,2.29266,0.71826,0.09658,-1.78289,0.57905,0.82951,1.04313
"A101D",1.52303,1.23813,0.20768,-1.19503,0.36458,1.62105,-1.33536,2.42311,2.29877,2.88601,-0.28226
"A172",1.79574,2.3069,-3.29016,-0.16431,0.32086,-1.40512,-1.70434,1.35876,-0.42237,1.7741,1.19812
"A204",1.54848,-0.02459,0.96333,-2.11531,-0.38919,0.71222,-0.36261,3.70059,-1.25813,-0.16053,-0.3965
"A2058",0.45259,-0.0679,0.41746,0.76137,-0.50835,0.30609,0.36784,-1.67991,-0.44729,4.7165,1.88937
"A253",0.08043,1.1943,0.37108,0.71948,0.63037,0.56317,-0.41127,1.29239,-0.58592,-0.45329,-1.83363
"A2780",0.84162,-2.00936,0.84935,-1.41944,-0.95245,-0.71317,0.81664,1.5837,-1.74979,0.31661,2.50561
"A3-KAW",-1.78281,-1.69679,1.87148,2.50448,-1.17934,0.27478,1.7009,-1.45047,-1.44575,-1.54258,4.34851
"A375",0.90251,0.79844,-0.75584,-0.67102,-0.07812,0.79341,-1.69285,4.62539,0.41505,3.50533,-2.71409
"A388",0.94095,2.01413,-0.90697,-0.98383,1.25651,1.30003,2.06085,0.76473,1.99501,0.75586,-4.20741
"A4-Fuk",-1.40171,-1.68193,1.88484,-1.97524,-1.54575,1.50482,1.11469,-0.62216,-0.26834,1.42876,0.08494
"A427",0.05505,-0.68904,-0.13644,-0.59388,-0.02497,-0.77533,-0.56362,-0.85164,0.06016,-0.40825,0.896
"A431",-0.93295,-0.67292,0.12882,0.7938,1.02625,1.01871,4.61177,0.79494,1.12146,-1.38629,0.93837
"A498",1.71205,1.67414,-6.29622,1.58444,0.43865,0.44978,-1.50649,-2.07122,1.13774,1.37006,-1.76933
"A549",0.98822,-1.25646,-3.09779,2.3623,1.04946,-0.42981,0.39339,0.78855,0.92397,1.00465,-0.93978
"A673",-0.17474,-0.38837,1.12871,-0.94132,-0.36577,-1.13828,-2.12507,2.06577,-1.20288,-0.39151,4.89673
"A704",1.82607,2.42633,-2.68207,0.5192,3.12572,-0.73374,-0.33747,0.28646,2.50664,3.404,-0.81367
"ABC-1",-0.70437,-1.16608,0.01757,1.18542,0.20974,-1.50537,1.13366,0.35546,-1.28036,-0.72927,5.45584
"ACHN",2.1284,0.02667,-2.42869,2.22303,-0.04178,0.6898,0.43765,-0.15113,0.50809,2.67751,-1.68214
"AGS",-0.29302,-0.22749,-2.89645,0.64206,0.91969,0.37287,3.45005,-0.03941,-0.21744,-1.07458,-0.70536
"ALL-PO",-3.27156,-0.66242,1.97555,-0.43243,-1.75881,1.50175,-0.6023,0.16248,-0.66949,1.14729,0.56226
"ALL-SIL",-2.79885,-4.32206,2.5072,-1.19678,-0.80532,0.46065,-1.73069,0.66461,-1.28006,0.64484,-0.96723
"AM-38",0.88523,-0.1214,-1.26198,0.10657,0.03461,-0.24071,-1.23513,0.60775,-0.18956,1.71247,2.02432
"AMO-1",-0.07564,0.32687,2.112,-0.59957,-1.97499,2.81553,0.86454,-1.36418,0.65593,0.93193,1.20306
"AN3-CA",-0.87148,-1.59388,1.30447,-1.00575,-0.46821,-1.91908,1.07151,2.31507,-1.68736,-0.32571,-0.36153
"ARH-77",-1.24892,0.06707,3.09876,-1.12957,-3.15806,4.30638,-1.96967,-1.31015,1.4689,-0.21591,2.74219
"ASH-3",0.72388,2.48412,-2.69922,0.35348,1.19017,1.48643,-3.25984,-0.31626,2.1266,-0.29553,-1.10879
"AsPC-1",1.30407,3.02682,-1.05778,-0.57513,2.16575,-0.02391,1.14756,-1.98326,1.42271,-1.04456,-3.84787
"ATN-1",-1.09582,-2.79063,2.86932,-2.73466,-0.29344,2.76929,-0.80549,-1.09059,1.94997,-0.50402,2.68928
"AU565",-1.58975,0.18378,0.25125,0.44065,-0.15754,-2.396,2.48235,0.42121,-1.06063,-1.41819,-2.68579
"BALL-1",-0.00816,-0.4533,1.94711,-4.04196,-2.51457,2.23524,-1.18327,-0.62355,-0.35009,-2.77157,3.32144
"BB30-HNC",0.74857,0.25135,-1.24355,-1.257,1.28683,1.33006,-0.54139,-0.73824,2.2131,-1.80153,-4.02521
"BB49-HNC",2.18507,0.73737,-2.24984,1.93761,0.5682,-0.5066,-3.06346,0.68587,3.43405,0.54226,-2.38022
"BB65-RCC",1.23105,0.8806,-2.16838,1.63541,1.35391,-0.52011,-1.10488,-2.84617,2.62157,-0.40029,-2.13933
"BC-1",-0.33631,-1.20599,1.13562,-0.6697,-1.20164,1.4619,-0.67744,-0.21126,0.34299,0.62724,-0.1351
"BCPAP",1.96686,4.93874,-1.22256,-0.79051,-0.10372,1.83546,-1.19685,0.3244,2.7845,-0.35887,-0.21894
"BE-13",-1.1958,-1.04243,2.76021,-1.61598,-3.25581,0.22947,-0.8754,0.75618,-1.59135,-0.39209,1.91896
"BE2-M17",-0.56523,-0.21792,1.27609,0.63261,-1.18455,-3.14932,-0.58025,1.68178,-1.31093,0.5639,-2.08545
"Becker",3.3526,1.85336,-1.85511,-0.52151,0.09519,-0.51841,-0.47878,2.68103,1.41105,1.47478,-1.49616
"BEN",-0.86019,-1.90876,0.78057,1.71242,-0.12219,-1.99356,0.21066,-2.97804,-0.8346,-1.44325,0.57786
"BFTC-905",-0.22165,0.88866,0.64302,1.92055,2.96349,-0.10519,2.2332,0.23456,1.53952,-0.93809,1.83875
"BFTC-909",2.63857,2.50427,0.08993,1.93193,0.39289,0.0875,-2.11645,2.69122,1.18422,2.82049,0.16918
"BHT-101",0.55504,0.64134,0.65621,0.62521,1.0843,0.949,0.73743,-0.5555,2.57009,-0.26179,0.23755
"BHY",0.50348,2.71669,-2.38203,0.28018,3.33037,2.20709,1.98164,0.8982,2.4879,-3.06162,-2.43549
"BICR10",2.47026,1.73745,-3.92158,0.43663,2.7627,-0.30619,-0.26871,0.21674,0.3946,0.73853,-2.18579
"BICR22",-1.04335,1.56402,0.09082,0.0829,1.88705,1.9729,1.12414,-1.22203,2.25101,-2.78416,-1.14568
"BICR31",2.24552,2.18667,-0.17274,-0.79339,2.1567,1.64981,2.14102,-0.48892,3.47291,-1.42719,-1.0067
"BICR78",-0.3821,-1.38164,1.05896,0.57244,2.59463,1.12806,4.84787,0.72547,0.31429,-0.53817,-0.58088
"BL-41",-0.64981,1.48615,1.93829,-2.49509,-2.71696,0.8363,-2.46608,-1.17469,0.33441,-0.25608,0.6491
"BONNA-12",-2.67014,-0.80123,2.58791,-0.81735,-2.55809,3.96865,-1.07282,-0.85105,2.55514,0.91264,-1.01838
"BPH-1",0.17398,-0.13315,-1.42844,0.44632,0.87862,1.28647,1.54998,-0.00897,2.15286,0.27321,-1.01854
"BT-20",0.17444,0.26149,-0.82562,-1.08471,1.51809,-3.89627,1.87826,-1.20593,0.09691,-0.41197,-3.40876
"BT-474",-3.28806,-0.34939,-1.05189,1.57875,0.8747,-2.42649,1.16001,-0.68505,-0.92229,-1.8196,-0.25769
"BT-483",-3.97555,-1.26458,0.37521,0.99877,0.31628,-2.054,-0.81135,-2.86284,-0.32016,-1.683,-2.4637
"BT-549",1.52572,0.24352,-1.02471,0.61271,0.67137,-0.34033,0.62981,1.65998,1.37128,0.98856,2.55004
"BV-173",-1.61572,-1.92498,2.0745,-2.40657,-2.22621,1.89904,-1.39229,-0.33388,-0.68957,-0.32481,-0.36933
"BxPC-3",0.2068,0.20355,0.57918,1.44839,2.30842,0.93722,1.36576,-0.35308,1.2322,0.08004,-0.28025
"C-33-A",-0.1453,-1.06348,-0.07012,-0.73029,-0.86493,-1.59602,1.13933,-0.69348,-2.42093,1.19393,1.37557
"C-4-I",0.49762,-0.85092,0.37641,2.20984,1.13787,2.83316,1.60677,0.19181,2.03441,-0.61233,-0.21744
"C2BBe1",0.6794,0.18117,0.63368,-0.57986,-0.68359,-0.92226,0.24507,-0.36057,0.3096,-0.46505,-0.15565
"C32",0.67838,0.70612,-0.227,1.78904,0.27804,-0.82561,-0.02594,-1.60698,-0.53335,3.69995,-0.37144
"C3A",0.27025,0.85957,-2.60234,-3.18456,-0.3928,-1.70988,-0.40766,-0.63021,1.08716,0.46513,-2.05283
"Ca-Ski",0.08487,1.04466,-1.49737,0.08863,1.53511,0.45744,5.41895,0.40815,0.76997,0.18042,5.63362
"CA46",-0.71125,0.33855,1.60955,-2.81079,-1.84872,0.27045,-1.97162,-1.22154,-0.07581,-0.24581,2.54372
"Ca9-22",1.05804,0.49223,-0.19914,1.2423,2.10607,-0.63254,0.88787,1.3598,0.268,-0.91807,1.08328
"CADO-ES1",0.77574,1.60742,0.89528,-2.68819,-0.15327,-2.94511,-0.73619,-0.0862,-1.89768,-0.67326,0.35799
"CAKI-1",2.43868,1.04766,-3.21704,3.81735,2.2979,0.35245,0.47267,-0.99064,1.48675,2.67928,-1.50503
"CAL-120",3.397,3.21734,-2.45255,0.27876,1.27026,-0.44383,-0.44463,-0.1994,-0.24456,1.97402,0.71926
"CAL-12T",0.84376,0.50225,0.68034,1.37011,4.38669,-0.03531,-0.39016,-3.81114,1.45538,-0.46515,0.26767
"CAL-148",-2.91876,-4.47379,-0.56997,-2.16005,-1.32169,-2.44858,2.98736,-6.13443,-1.82018,-0.37602,0.86685
"CAL-27",-0.18436,0.42687,-2.58607,-0.32706,0.83154,2.01995,-0.96421,-0.03138,2.56459,-1.45474,-2.00585
"CAL-29",0.70209,2.9493,-0.27073,-0.2626,4.95265,1.62176,1.64713,-3.79396,1.21991,-0.1246,-1.78183
"CAL-33",0.06739,1.24585,-0.18927,-0.77824,0.54452,2.06433,1.37783,0.06468,5.12142,-1.82353,-1.83564
"CAL-39",0.78556,0.5889,-1.16118,1.21383,2.60672,1.75744,0.8818,-0.45771,4.12617,-1.96827,-1.64319
"CAL-51",1.4357,-0.76218,-0.30587,3.03511,0.14871,-0.69802,-0.07416,-1.47574,-0.43559,0.94017,1.95957
"CAL-54",1.72236,2.19928,-0.80975,2.36269,2.31907,0.00949,-0.06973,-0.62095,2.202,0.56938,-1.01702
"CAL-62",1.36163,0.72296,-2.04674,-0.26332,1.02884,0.39725,0.02993,-4.141,0.05666,-0.35125,1.38786
"CAL-72",2.13063,1.56337,-1.17864,2.3011,0.12035,-0.22248,-0.99822,3.43787,0.33644,0.60813,1.47763
"CAL-78",2.83688,2.62717,-0.69471,0.80134,1.23374,0.10495,-1.36069,2.93489,0.6174,-0.49795,0.83477
"CAL-85-1",1.07519,0.88848,-0.18196,1.69374,2.20174,1.29389,1.73131,-0.09149,2.15241,-0.33905,-0.59677
"Calu-3",0.34535,0.14377,-0.86157,0.42374,2.32041,1.03378,0.72231,-1.45682,2.30266,-2.86856,1.35872
"Calu-6",0.82871,-1.30337,-0.28411,0.1438,0.7294,-0.81536,0.35288,1.4821,-0.65064,2.18852,0.6516
"CAMA-1",-0.91552,-1.17701,-0.77359,0.57115,-0.7616,-2.20586,0.76323,-0.92178,-0.8818,-1.15838,-0.2685
"Caov-4",-0.32833,-0.27949,0.38203,0.0398,0.08217,-0.32827,2.20014,-0.03802,-1.07775,-0.50732,0.49394
"CAPAN-1",0.28309,-0.44672,-0.41888,0.12541,1.8851,1.49676,2.51649,-0.5803,1.50087,-0.96005,-0.67398
"Capan-2",0.03683,2.11274,0.40111,1.14492,1.93624,0.64063,3.9739,-1.7495,0.84153,0.68004,0.4009
"CaR-1",0.18993,-0.48943,-0.88003,4.22541,0.10833,1.98924,-0.67625,-0.33643,3.41133,-0.70761,-1.75816
"CAS-1",3.49219,1.66687,-1.63107,0.39268,0.42975,-1.86358,-2.71539,3.20167,0.32326,2.35881,-1.15555
"CCF-STTG1",3.46593,1.23298,-1.35539,-0.06007,0.27269,-0.56595,-2.83093,4.50159,0.38988,3.50155,-0.51923
"CCK-81",-3.73473,-3.87264,1.0345,1.40422,-0.9592,-1.25066,5.91776,0.90313,-1.26941,-4.28716,-0.11835
"CCRF-CEM",-3.68921,-3.51835,3.93691,-1.75993,-2.95843,0.44325,-0.78903,0.26751,-2.13154,-0.39516,-0.49745
"CESS",-0.01449,0.68407,1.81337,-5.77585,-1.48962,5.40321,-3.39496,1.50843,3.56813,0.35873,-3.06935
"CFPAC-1",0.67832,1.50919,0.51626,1.2556,3.18562,0.62043,2.96642,-0.81774,1.2358,-0.89108,0.13653
"CGTH-W-1",2.43982,2.69387,-0.37114,-0.20674,-0.64109,-1.57744,-2.73227,3.03458,-0.01101,0.91666,0.82289
"ChaGo-K-1",-0.57279,-0.53871,-0.70897,-0.19184,0.0773,-0.95697,1.32446,0.29452,-0.8237,-0.68468,1.0168
"CHL-1",0.44768,-1.26197,-0.79249,-1.01484,-1.19214,-0.39082,0.08753,-1.8464,-2.25752,-0.55633,1.96573
"CHP-126",-0.25571,-2.50854,0.67745,1.20308,-1.79812,-2.40796,1.0172,0.97942,-5.53756,2.12504,0.41914
"CHP-134",-1.02223,-3.28519,1.18606,-1.75186,-2.59139,-3.50603,-1.06119,2.09586,-2.6707,-0.14702,-0.2111
"CHP-212",0.85736,-0.52347,-0.17486,0.13776,0.25007,-1.59185,-0.08607,2.1733,-1.39671,1.8394,2.96775
"CHSA0011",5.41424,4.4635,-1.98701,0.0234,1.75114,-1.46161,-2.16976,3.26998,-0.583,1.97896,0.02806
"CHSA0108",2.31121,3.56836,-4.29452,1.63356,2.1821,-1.09837,-0.62191,1.65644,-0.38287,0.82081,-0.04155
"CHSA8926",3.95792,0.52206,0.1479,-1.95639,0.03014,-0.42813,-2.75445,4.62421,-0.47157,1.40265,-1.64816
"CL-11",-0.47991,0.03202,0.31134,-0.1434,1.37316,0.76863,0.17432,-1.26457,-0.44268,-1.25769,0.65284
"CL-34",-1.98981,-1.96124,-0.65833,0.13449,-1.03817,-0.98381,2.21321,-0.78954,-0.99806,-5.43679,-1.10083
"CL-40",-0.0327,0.31912,1.01217,0.53906,1.76433,-1.1683,0.68088,-1.70302,0.19351,-2.38791,-1.53623
"CMK",-0.75633,3.40035,3.78973,-1.65119,-0.74625,1.46761,-1.1299,0.76359,-0.68959,0.45217,0.94717
"CML-T1",-1.77888,-1.35001,3.62933,-1.50112,-1.23553,1.14,-1.62989,1.07757,-0.36706,-0.95535,0.77261
"COLO-205",0.00856,1.40178,2.77802,1.08406,0.45558,-0.33297,1.47091,0.07342,-0.1932,-1.88353,-1.61552
"COLO-320-HSR",0.20446,-2.63293,1.24041,-1.8467,-1.384,-1.4786,-1.80309,0.22101,-1.9913,1.00088,1.25381
"COLO-668",-1.03382,-2.20654,0.24937,2.28486,-0.05915,-0.91465,-0.52946,1.65022,-0.37384,-0.70898,1.74637
"COLO-678",-1.05448,-0.20941,-0.74518,0.30092,1.32299,-1.06007,1.4697,-0.35925,-0.28511,-2.36921,0.85
"COLO-679",0.50271,1.28265,0.29077,-0.4616,-0.14288,0.75975,0.01003,-0.47208,-1.85255,2.54058,-1.14518
"COLO-680N",1.38643,1.09572,-0.08524,0.30205,0.68497,0.80051,1.92813,-2.07484,0.77854,-1.12063,-1.65633
"COLO-684",-1.90781,-2.27179,1.40265,1.43581,-2.89715,-2.06255,-1.66931,-0.47194,-2.08207,-0.24036,2.21197
"COLO-783",1.6588,2.95618,-0.72,0.63955,-0.38939,0.24623,-0.78717,1.87889,0.71478,1.19552,-2.73957
"COLO-792",-0.15583,1.17687,0.73945,0.06305,-1.02098,-0.67221,0.02581,-0.97346,-0.72964,2.06813,2.11905
"COLO-800",1.6459,0.99537,-0.94209,-0.06697,-0.95273,-1.1211,-2.13879,2.56398,-1.40999,4.85619,-3.42257
"COLO-824",-0.26057,-1.57226,-2.1764,-0.54023,-0.85864,-1.20396,0.33989,0.05417,-1.55603,0.03347,0.78155
"COLO-829",-0.58758,-1.04084,-0.4025,-1.06879,0.55464,-0.03243,-0.18753,-2.60093,-1.01396,1.6591,-0.01067
"COR-L105",0.85615,-0.22934,-1.09464,2.16613,0.35353,0.21918,0.43751,-0.60867,0.26008,1.03429,-0.35366
"COR-L23",0.9303,2.97375,1.25671,-1.4153,1.298,1.59476,0.28769,0.14526,0.74554,-0.0218,-0.03105
"COR-L279",-1.5493,-0.5957,1.26526,-2.3793,-0.81675,-2.14401,-1.17145,1.18742,-3.23264,-0.22133,0.70888
"COR-L303",-2.11257,-2.42866,1.45732,0.87146,-1.69356,-1.21997,-0.46747,0.03165,-3.12453,-0.31455,1.08137
"COR-L311",-1.64426,-0.26795,0.50669,-0.62775,-0.69629,-1.36453,-0.75401,-0.27638,-4.46929,0.66762,-0.00779
"COR-L32",-0.93965,-2.37059,1.08828,0.79682,-0.38844,-1.38393,-0.74157,0.04431,-1.37954,-0.31596,-0.05713
"COR-L321",-0.61616,-0.80203,1.34165,-1.27376,-1.12113,-1.58427,-1.0812,0.89913,-2.39384,0.88301,2.08365
"COR-L88",-1.20998,-0.55359,1.82425,-0.38285,-2.2417,-1.16839,0.83488,-0.36653,-3.10119,-0.17635,0.05536
"COR-L95",-0.939,-1.26256,1.34003,0.61672,-0.22938,-0.56277,-2.20092,0.63857,-0.45225,-1.82707,0.67291
"CP50-MEL-B",0.69478,0.55903,2.38287,-0.5304,-1.02587,0.24648,-0.12537,-3.44175,-1.5332,4.29535,-1.3399
"CP66-MEL",-0.52073,-1.14222,-0.13423,0.94429,-0.15676,-0.15172,0.19762,-0.35604,-1.21942,2.88096,1.63015
"CPC-N",-1.08844,-2.54171,0.73292,2.86503,-3.07293,-1.91578,0.32073,1.70602,-2.77496,0.95932,1.58151
"CRO-AP2",-1.70909,-0.6712,0.16732,-2.20708,-0.60598,0.84564,-0.00623,0.19817,-0.6645,0.00493,0.47772
"CS1",2.97518,2.33734,-0.53035,-0.42669,1.56596,1.1142,-1.4355,-0.27827,0.77402,0.33629,2.01721
"CTB-1",-2.62153,-0.93293,2.13916,-0.83929,-2.37415,1.5852,0.54215,-0.40722,-0.26801,-0.19802,2.39078
"CTV-1",-1.53592,-2.75104,6.26404,-1.9977,-2.0659,0.57594,-0.07798,-0.08721,-2.06428,-0.28467,-0.67382
"CW-2",-1.87822,-1.2172,0.10742,-0.95472,-1.17808,0.58241,2.41767,-2.09325,0.34998,-2.43584,-0.01977
"D-247MG",2.30589,1.3093,-2.27824,-0.06621,0.06104,-1.76361,-2.03005,2.31154,-0.07243,1.46092,-2.21179
"D-263MG",4.48043,0.04271,-1.3043,-0.56828,0.71301,-1.09395,-1.26027,3.72975,-0.31201,0.70059,-0.03044
"D-283MED",0.04334,-0.95612,0.07451,-2.64034,-1.65307,-3.07251,-1.98686,1.84155,-1.20843,1.23746,-0.59707
"D-336MG",1.05429,1.02566,-0.70328,0.12787,-0.87465,-1.05523,-0.14722,3.23846,-0.5542,-0.4668,-1.22232
"D-392MG",2.63995,1.64213,-3.69358,-0.0558,0.86269,-1.20388,-2.49177,7.4891,-0.3096,2.22072,0.35879
"D-423MG",1.82687,2.41239,-0.9175,1.12269,0.45109,1.60294,-0.26154,-1.95866,2.72046,0.19115,-0.58037
"D-502MG",1.92518,0.43431,-0.72499,-0.08127,0.66703,-1.11799,-2.58603,2.08511,-0.76675,1.38692,-1.15553
"D-542MG",1.91894,0.0291,-1.29906,0.62389,-0.24112,-1.46752,-1.69738,1.76514,-0.13442,0.68109,-1.362
"D-566MG",2.64436,0.39688,-0.81445,0.83572,0.97107,0.01935,-1.28442,1.99219,1.11818,2.61659,-0.50679
"DAN-G",0.038,1.10434,-0.34906,0.1124,0.07221,0.80008,0.92955,-1.13572,0.13122,3.22624,-2.03636
"Daoy",0.57016,0.73441,-1.75937,-1.31444,-0.03176,0.13921,-0.11518,4.27003,2.25778,0.99891,-1.40219
"Daudi",-4.18094,1.2653,3.02144,-0.65234,-1.43077,3.04249,-1.38963,-1.82537,-0.34142,-1.96655,-0.55153
"DB",-0.97318,-2.90531,1.55239,-2.65127,-5.27615,0.21015,0.01494,-1.13387,-1.48766,0.91727,1.7945
"DBTRG-05MG",1.97387,2.47535,-1.79122,3.69336,2.46299,-0.46539,-0.94683,2.53821,-0.53349,1.06727,0.68662
"DEL",-1.00277,-1.10171,1.86638,-2.20466,0.45684,2.50117,-1.11033,-1.49429,1.54684,-3.2614,-2.81391
"Detroit562",0.71717,-0.06416,-1.72555,-0.81473,-0.0717,1.52067,1.94425,-0.9108,2.59114,0.3737,-2.10267
"DG-75",-0.2385,0.09253,1.56517,-3.63601,-3.31307,1.45147,-1.16144,0.51587,1.11275,0.03089,0.05327
"DJM-1",1.45828,2.68098,-1.28468,0.26732,2.066,2.33439,1.30958,1.39556,2.31667,-1.35484,-1.90184
"DK-MG",4.70195,1.9477,-3.07614,-1.28723,0.70799,-0.94392,-4.25161,5.51307,-0.41252,2.29462,1.55761
"DMS-114",0.58212,1.49331,-0.06375,-2.20614,-1.96016,-1.23736,0.68069,0.15383,-3.62062,-0.44899,-0.83684
"DMS-273",-0.52159,-2.05932,-0.04,-1.00536,-2.88184,-0.84722,-0.05018,1.81536,-1.99255,0.82789,3.03369
"DMS-53",0.51729,-0.32099,-0.62308,-0.76417,-1.0548,-0.64164,0.22242,0.53734,1.62326,-1.53412,-1.60003
"DMS-79",-3.71269,-1.6535,1.67098,0.70093,-2.19796,-0.46819,-0.75632,-0.04417,-2.21706,-1.11806,-1.76283
"DND-41",-3.24913,-3.25454,4.456,-0.79113,-1.87798,0.25348,-1.61174,1.222,-1.54413,0.34806,3.34299
"DOHH-2",-1.5742,0.12542,1.95985,-0.90297,-2.12422,3.40878,-2.68066,-2.12998,0.62516,1.02732,-1.43722
"DOK",1.45607,0.05176,-1.22098,-1.74906,1.66161,-0.22142,1.04716,0.16268,0.44408,-1.52632,-5.15181
"DoTc2-4510",-0.83785,0.35371,1.54945,-0.56491,0.51282,1.50097,0.98821,0.6885,2.22265,-2.97776,-0.77887
"DOV13",1.6955,-0.01553,-3.2276,1.25147,3.5782,1.70048,-1.19254,-1.93589,2.49992,1.52059,-0.43562
"DSH1",-0.48377,-1.7094,-1.59072,1.00366,0.5035,-0.89094,1.41215,-2.074,0.05746,-0.93259,-1.47919
"DU-145",0.24915,0.46858,-0.72493,-0.64871,1.04188,0.38383,1.08342,-2.01853,0.87161,0.96932,0.9675
"DU-4475",-1.32855,-1.50745,1.45388,-1.10983,-1.18433,-0.88618,-1.36146,0.6338,-1.39861,-1.81911,0.39155
"EB-3",-0.37583,-0.04622,2.22248,-2.79168,-2.17412,0.28285,-3.16603,-0.52246,-0.15627,-0.96651,0.68451
"EB2",-0.39327,0.81867,1.74194,-4.2897,-2.7894,3.91487,-3.67849,0.33001,0.65066,-0.2301,-1.81028
"EBC-1",-0.52111,1.60613,0.11489,-0.51491,1.65714,-0.2591,1.15253,0.33162,0.89357,-1.76357,-0.83143
"EC-GI-10",-0.00762,0.69477,0.17205,-0.4448,0.23299,0.8454,2.38359,-3.58601,1.19915,0.10005,-0.09141
"ECC10",-2.45675,-1.6005,1.08715,-2.93996,-3.33572,-3.15057,-0.84654,0.47171,-2.76571,-0.44405,-1.23633
"ECC12",-0.32349,-2.67198,0.9216,-0.01262,-1.72707,-2.25513,-3.30023,1.27274,-1.57846,0.07262,0.27283
"EFM-19",-1.51789,-2.67446,-0.32044,0.5643,0.73528,-2.26375,0.46098,-0.40377,-2.0376,-0.75859,0.1317
"EFM-192A",-0.42574,-1.34452,0.44114,0.49618,0.39493,-1.39918,1.15651,0.51745,-0.82274,-1.41899,1.03237
"EFO-21",1.00652,1.842,-1.45487,-0.73334,0.19904,1.82591,0.26802,-0.39291,1.31359,1.65751,-0.78767
"EFO-27",0.33046,-0.03464,1.11404,1.02755,1.20668,0.57489,0.66721,-1.2907,0.51848,0.52996,2.28504
"EGI-1",0.76301,1.7171,-2.51669,1.97341,3.01408,0.69461,0.74043,-2.27263,1.34601,-1.07428,-3.56683
"EHEB",-1.41721,0.06918,3.47123,-3.00684,-2.34645,4.63498,-2.23855,-0.75452,1.7787,0.01412,-1.91067
"EJM",-0.33691,0.21695,2.56422,-2.41229,-1.74343,2.32674,1.57281,0.64918,-0.00355,0.07328,-0.42008
"EKVX",1.27226,1.40036,-0.68079,1.28027,-0.12955,-0.49839,0.63984,0.83681,1.21112,0.23004,-1.40298
"EM-2",-1.03183,-1.20641,2.84534,0.68715,-2.07007,1.69551,-0.70452,0.16099,-1.07073,-1.25694,0.7737
"EMC-BAC-1",0.15102,0.75763,-1.44027,2.09767,1.94741,2.40281,-0.31308,-2.95385,1.76852,-1.17065,-2.48011
"EMC-BAC-2",1.31445,0.59683,-2.30874,0.44877,0.64794,-0.00483,0.19464,0.66997,0.99107,0.56861,0.89168
"EN",0.4651,-0.57002,-0.49155,1.03327,-0.52895,-2.06211,2.25612,2.28427,-2.75233,0.09877,1.86954
"EoL-1-cell",-2.98955,-0.44924,2.6731,-1.35327,-2.56614,1.69703,-1.61564,0.41133,-0.70326,-0.67315,0.57191
"EPLC-272H",-0.59863,0.95577,-0.81727,0.52175,1.22927,1.05633,1.40008,-0.35551,2.2531,-1.27133,-0.15527
"ES-2",1.71835,0.80019,-2.44866,1.11577,0.38134,-0.43002,-1.05222,2.32883,1.03152,2.14096,1.1688
"ES1",-0.75608,-0.38472,1.86629,-1.41516,0.23114,-0.02935,-0.24308,-3.88269,-0.49603,0.70731,2.5976
"ES3",-0.20896,0.35659,0.59989,-2.84561,-1.74527,-1.84672,0.15519,1.53698,-2.87258,-0.36401,2.08125
"ES4",-0.11602,-1.57808,1.8207,-0.9032,-0.59342,-0.60867,-1.23923,-1.30434,-1.78817,0.78535,0.27354
"ES5",-1.37031,-1.47434,0.4371,0.01654,-2.09528,-1.16153,-1.74875,-3.66736,-2.31412,0.16801,-0.10261
"ES6",-1.2109,-0.96938,-0.53849,-0.38951,-0.32421,-3.03314,-0.69374,0.1448,-2.46503,1.42362,4.30877
"ES7",0.02846,0.68011,-0.81982,-3.21059,-0.39848,0.1918,-1.87686,0.64701,-0.46861,-0.25807,2.88168
"ES8",0.34923,-0.70809,0.55376,-3.71428,-1.44336,-1.10682,-1.83678,2.74972,-2.06195,0.18217,-0.68246
"ESO26",-2.06811,-0.8428,-0.32335,1.0957,1.09664,1.82093,0.31529,0.13624,0.95019,-2.93751,-1.3504
"ESO51",2.19775,0.32034,-0.59079,2.39452,3.56281,0.98259,-0.33031,-2.06104,1.55987,-1.50687,-2.56265
"ESS-1",1.05297,1.62354,-1.09686,2.7773,1.76761,0.83527,-1.41583,2.57996,1.81438,0.93274,0.59066
"ETK-1",0.57952,0.89799,-1.28411,1.7331,2.17261,1.28515,3.16584,-0.26483,0.2127,0.38719,0.18857
"EVSA-T",-3.73334,-2.36224,-0.12248,-0.04974,-0.71494,-1.88488,2.18815,-1.71054,-2.07393,-0.17157,0.61806
"EW-1",-0.14867,-0.56569,0.11345,-4.08986,-1.01468,-0.36024,-1.88623,-0.56886,-0.88226,0.749,-1.08129
"EW-11",-1.18512,-1.9151,0.84131,-1.34998,-1.8777,-1.96797,-0.58796,1.81408,-2.72907,0.2264,1.5011
"EW-12",-2.15472,-2.89576,-0.27916,-2.68678,-2.33224,-2.09667,-1.66713,0.28589,-2.37663,-0.84441,1.51643
"EW-13",-0.66628,-1.7704,1.06753,-2.64121,-1.32135,-2.15368,-2.42998,1.8847,-2.07473,-1.14099,1.18056
"EW-16",-2.45489,-0.64241,0.60395,-1.9294,-0.68419,-1.62613,-2.22621,-1.48132,-1.26646,-0.75633,-0.52704
"EW-18",-2.38613,-1.01417,1.24284,-2.08033,-2.81996,-2.87016,-0.31299,2.3183,-3.09465,-0.96191,1.85374
"EW-22",-1.54559,-2.22822,0.89666,0.60583,-1.93689,-1.63256,-0.14757,3.47936,-2.3896,-2.18203,4.75429
"EW-24",-1.00869,-0.83919,0.4802,-1.01315,-1.70221,-0.8262,-1.11023,1.42641,-1.54284,0.2722,4.87241
"EW-3",-1.62192,-1.16395,-0.39012,-2.48104,-3.24488,-1.40893,-0.23452,1.6444,-1.41697,-0.91234,-0.12629
"EW-7",-0.03952,0.90704,-0.31082,-3.26668,-0.33549,-1.02981,-2.08254,-3.30094,-1.27473,-1.18347,-0.46065
"FADU",-0.01604,1.04167,0.00603,0.77109,1.51653,0.60481,4.74928,-1.12901,0.54677,-2.1731,-0.10266
"Farage",-1.75143,-2.17597,1.81044,-4.08645,-4.89663,3.54434,-0.36502,-0.43895,0.90544,-0.4746,1.03145
"FLO-1",-0.38093,0.11417,0.10022,1.64817,0.42944,0.36686,0.83712,-2.20619,1.48307,1.0342,0.70221
"FTC-133",1.99183,-0.42015,-2.37651,-0.07408,0.27762,0.58479,-1.09734,2.10753,1.45255,1.79419,0.19644
"FU-OV-1",1.46981,0.13916,-1.47137,2.17774,0.72109,-0.35729,-1.13627,0.41571,0.86731,2.7867,1.41385
"FU97",-0.55013,-0.84741,-0.04855,0.16865,-0.90224,-1.43285,-0.51541,-0.20167,0.09421,1.22282,0.41198
"G-292 Clone A141B1",3.51575,1.17849,-3.79994,-1.19379,-0.13865,-1.72178,-1.979,3.49046,-0.64356,0.38149,1.28218
"G-361",0.73095,0.28903,0.17033,0.41067,-1.23725,0.73023,1.25439,2.27072,-0.96364,0.77767,-2.23033
"G-401",0.45531,0.23954,0.24523,-2.43425,-0.61965,-2.95288,-0.05531,0.63509,-1.12292,-1.14744,-0.28949
"G-402",1.78243,0.02814,0.91649,-1.30406,1.85479,-4.40198,-0.08449,-0.68054,-1.43153,-2.38852,1.21126
"G-MEL",-1.02841,-0.5171,1.74058,0.70244,-1.07016,-0.37253,-0.40817,-0.89924,1.36214,1.61947,-2.41909
"GA-10",-1.55073,1.3127,2.43224,-1.89291,-1.61921,3.15391,-0.29803,-1.96375,1.59618,0.72989,0.28867
"GAK",1.01903,0.71723,-0.79054,-0.66362,-0.67392,0.02345,-0.49998,1.88125,-0.43219,2.00609,-4.5237
"GAMG",3.60615,4.77739,-1.87607,1.18031,1.15975,-0.65745,-2.44816,0.21318,3.58265,0.06638,-0.34522
"GB-1",2.17643,1.99148,-0.45414,-1.26022,-0.23842,-0.18619,-2.86629,1.77402,0.26603,1.56139,-0.52306
"GCIY",-0.05474,0.09307,-1.64651,0.61738,1.53615,0.32845,1.32756,-0.77623,-0.23849,0.42948,0.60099
"GCT",2.04706,2.08369,1.21848,-0.84422,-0.95492,1.42219,-2.41477,2.37611,3.91159,2.38114,-1.49258
"GDM-1",-2.97753,-0.2253,2.24745,-1.46565,-0.30947,1.96245,-0.1254,1.12327,-1.77963,2.72022,-1.77259
"GI-1",2.33496,1.26741,-1.42494,-0.32246,-0.64429,-4.23598,-1.15282,3.90976,0.58689,1.49032,1.1458
"GI-ME-N",2.37497,-0.56252,-0.92366,-1.3988,1.20581,-3.85553,-1.41792,2.71096,-0.01656,1.45426,-0.84954
"GMS-10",1.1865,1.65111,-2.89547,0.41036,0.28782,0.15325,-1.70421,2.52207,1.67727,1.60417,-0.45197
"GOTO",-0.68524,-0.67794,-0.57835,-0.53516,-1.5395,-3.00157,0.38765,1.58795,-2.51432,1.22564,1.82408
"GP5d",-1.68666,-2.12463,0.65691,0.10139,-0.17595,-0.90978,1.0509,1.06944,-1.49822,-2.19074,-2.26064
"GR-ST",0.11868,-0.25432,1.73514,-2.90009,-3.26513,1.44212,-1.56856,0.12272,-1.24249,-0.13631,0.00233
"GRANTA-519",-0.55717,-0.06425,2.12687,-1.87432,-1.89863,3.48665,0.41136,-0.57126,0.98372,-1.05499,0.39529
"GT3TKB",2.03714,1.10106,-2.87961,-1.32079,0.18092,0.3596,-0.3886,-2.47009,2.88022,2.59258,1.55828
"H-EMC-SS",0.05645,0.91316,1.23986,-1.96279,-0.20609,-1.63233,-1.26814,-0.07139,-3.70502,0.20004,1.86254
"H2369",5.2451,5.3756,-0.39778,0.8003,-0.00087,0.59416,-3.92142,2.31103,2.8309,-0.16727,-0.12406
"H2373",3.79275,1.65162,-1.85805,1.12214,0.14228,-0.19281,-2.55118,4.09983,-0.38687,1.36243,-0.51607
"H2461",3.20262,3.05183,-0.93369,2.08549,0.87965,-0.34237,-0.72433,2.5464,0.44696,3.88972,2.59296
"H2591",2.22954,1.66684,-1.78628,2.67129,0.70633,0.4657,0.17824,1.68006,0.36463,1.84378,-0.59424
"H2595",1.87441,0.7748,-0.34851,0.12771,1.52653,-0.79467,0.40019,1.95604,0.04934,2.99333,1.47798
"H2722",5.16549,1.91886,-2.56024,-0.4088,1.28737,-0.81598,-1.72073,3.46361,-0.75108,1.60139,-0.57527
"H2731",2.13547,2.46691,-1.85786,0.16401,0.62213,-1.16784,0.22999,3.63178,-0.2506,2.66594,0.77108
"H2795",1.23733,-0.76773,-0.88156,0.67423,1.49232,0.02588,-0.73583,-0.20445,0.48141,0.90191,-2.60372
"H2803",1.75652,1.81392,-1.36456,0.42344,1.39986,0.84074,-1.98086,1.53602,0.2166,1.29556,-1.48765
"H2804",2.30765,1.94263,-0.30857,1.51874,1.21623,-0.30148,-0.1096,2.36202,1.57159,2.24173,0.5492
"H2810",2.666,2.89046,-2.6263,1.69826,3.47028,1.82002,0.91888,2.11223,1.83858,2.2882,-0.06848
"H2818",3.85996,0.9014,-1.63131,0.9137,1.94389,0.65826,-2.65241,3.94273,1.92205,-0.21542,-0.90322
"H2869",2.88378,0.73948,-3.08727,2.3889,2.3208,0.3847,-0.25433,-0.33789,1.4307,3.93312,-2.45294
"H290",2.27706,6.23366,-1.63738,-1.23961,-0.78712,0.31689,-0.79263,-0.20066,-0.54532,4.58105,0.40972
"H3118",0.97685,0.2735,-0.76467,1.11787,-0.22824,-0.08304,-0.08825,-0.28241,-0.3886,-0.11703,0.22474
"H3255",-0.69617,-0.61812,0.55851,1.13067,0.10107,-0.54741,0.16386,-2.19537,0.14821,-0.36217,0.13504
"H4",2.35617,0.18276,-0.66521,0.90854,1.04584,0.13252,-0.30796,1.36037,2.80004,1.57133,0.70336
"H513",0.53553,0.70118,-1.50646,-2.27274,1.00716,-1.80343,5.58911,-1.74194,-0.5344,0.50544,-1.17018
"H9",-4.10606,-4.33888,3.69373,0.12484,-1.92334,3.01841,-0.58609,0.18469,1.22628,0.35692,-0.34795
"HA7-RCC",0.66648,0.50994,-1.91068,3.61626,1.55457,0.5877,0.1016,-1.01572,2.28484,1.81762,2.05822
"HAL-01",-2.23017,-0.26663,1.73271,-2.76717,-3.78155,0.66103,-1.99533,1.11443,-0.20232,2.11826,-1.09976
"HARA",-1.01479,-3.37766,0.20167,0.38838,0.84393,-0.54561,1.01853,1.52917,-1.37175,-2.07112,1.61394
"HC-1",-2.59404,-0.99564,2.10451,-2.77812,-1.52389,4.2735,0.48443,-0.71703,1.90357,0.71395,-1.74601
"HCC-15",0.50923,0.46184,-1.20929,0.44575,2.57294,0.44953,1.0037,-0.90758,3.76516,-0.63912,-0.15783
"HCC-366",0.73014,2.05941,-1.56953,1.43384,1.12177,2.79447,2.02518,-2.14641,4.17431,0.87808,-0.61731
"HCC-44",0.15548,0.3309,-1.52706,1.04247,2.24201,-0.14921,1.87794,-1.91472,1.32529,0.88137,2.13081
"HCC-56",-0.40958,-0.81071,2.0111,1.55554,0.73001,0.22505,1.78856,0.06574,0.51641,-2.2546,0.50639
"HCC-78",-0.72987,0.57938,-0.53051,2.53368,1.91863,2.63945,2.5461,-0.70169,0.57159,-2.76846,0.06793
"HCC-827",-0.14475,1.15644,-0.26815,0.59916,0.86909,1.2727,1.23786,-3.17565,2.25973,-1.51965,-3.307
"HCC1143",0.25599,0.80569,0.55585,0.8076,1.48773,0.66516,0.18538,-0.93756,0.96323,-1.69481,-0.94029
"HCC1187",-2.48257,0.0167,-0.38236,1.22767,-0.51533,-0.02085,1.35066,1.34683,0.20878,-1.70173,-1.28306
"HCC1395",2.83091,2.72179,-0.82157,2.21266,0.1365,-1.63269,0.08977,1.69256,1.2581,0.75041,0.33174
"HCC1419",-1.13323,-1.42579,-0.81701,-0.77515,0.08616,-2.48626,1.22449,-2.29854,-1.28324,-0.16731,-0.96524
"HCC1428",-0.96223,-1.88484,0.80195,0.00544,-0.84066,-0.96045,0.09245,-2.21063,-2.9005,-3.93487,-0.70811
"HCC1500",-1.24775,-1.01216,-1.04164,0.25456,-1.78464,-0.8668,0.74305,-0.88546,-0.94311,-2.17228,-1.77053
"HCC1569",-0.66428,-0.0487,-2.31399,0.19407,-0.27463,0.5401,-1.16614,-2.23261,0.1132,0.45773,-1.04736
"HCC1599",-0.72227,0.33192,-0.22776,1.37169,-0.16303,0.06438,0.29479,-0.03389,-1.68543,0.85352,-0.77816
"HCC1806",-0.20826,1.45191,0.68462,0.86062,0.49249,1.26786,-1.61594,0.02894,2.19926,-1.53184,-1.53549
"HCC1937",0.15256,-0.41803,0.70812,0.75861,0.69191,-0.07049,2.1714,-0.13315,0.26383,-3.22705,1.20853
"HCC1954",-1.3684,-1.59861,0.28059,1.92792,0.69586,0.29622,4.05682,0.23605,0.17177,-2.29165,-1.97189
"HCC202",-2.31135,-1.37823,-0.99271,-0.57805,-0.77569,-3.29904,1.7963,-2.09784,-1.2998,-4.68806,-1.40282
"HCC2157",-1.92888,-0.61265,-0.13711,0.16319,0.04556,-0.72143,1.99874,-0.283,-1.87313,-1.83714,0.29232
"HCC2218",-3.03577,-2.85128,-0.48533,0.3639,0.32485,-2.31202,1.40681,-5.08273,-0.85547,-0.24971,-1.09001
"HCC2998",-1.52628,-3.94517,-1.52873,2.15738,-0.75892,0.52342,1.36714,-1.39391,-0.19296,-2.73233,-0.77352
"HCC38",0.76548,0.08944,-4.19891,-0.50661,0.42241,1.09797,1.11127,1.29275,0.01304,0.05632,0.19888
"HCC70",-2.23034,-1.65772,0.39352,-0.65448,-0.78833,0.35146,1.22858,-0.19334,0.24657,-1.49692,-2.60924
"HCE-4",0.95404,1.06298,-1.93986,-0.77083,-0.23042,0.18069,0.18811,1.84404,0.57858,0.81158,2.79168
"HCT-116",0.52588,0.35836,-1.32662,0.20201,0.93976,1.58706,0.66723,-0.5446,-0.27172,-0.70448,1.59803
"HCT-15",-2.0029,-1.89602,-0.39643,1.5104,0.1791,-0.50144,0.59599,0.32262,-0.74733,-0.98388,0.25837
"HD-MY-Z",2.08801,4.8232,-1.4133,0.89434,1.68199,-0.85931,-1.89668,2.28507,1.25536,1.07463,-1.09472
"HDLM-2",-0.23658,-2.49854,1.70741,-0.6393,-0.67546,4.86197,-2.08865,0.41194,2.19839,-1.76299,-0.82241
"HDQ-P1",0.24609,0.91774,0.70942,-0.70608,-0.02076,0.02051,0.59315,-0.64299,0.5972,-0.2657,-5.10048
"HEC-1",-0.97121,-1.28911,-0.8795,0.96862,0.18986,-0.48481,3.37761,-1.18629,-1.41194,1.0772,0.16839
"HEL",-2.69975,0.11961,5.00175,-0.96599,-1.15305,2.34425,-1.99907,0.53387,-1.32518,0.13525,0.05719
"HeLa",1.18898,-1.41118,-0.56658,1.74126,-0.21071,-0.3608,1.59493,1.12706,0.53778,1.76164,1.81746
"Hep 3B2_1-7",0.00082,-0.20103,-0.08279,-3.07264,-0.9968,-2.17114,-0.49123,-4.01356,0.98027,3.36572,4.15486
"Hey",1.11328,1.27307,-1.02807,0.5678,2.17033,1.29913,-0.68849,-0.38418,-0.17726,4.10152,0.12087
"HGC-27",-0.09908,-1.54936,-0.09982,-1.32972,-2.81868,-1.99076,-0.35407,2.67048,-2.4316,-1.4884,2.09671
"HH",-1.40041,-0.94091,2.58149,-3.94344,-1.93878,1.47785,-1.87907,0.38083,2.07552,-2.60275,0.14556
"HL-60",-2.04693,-0.90819,4.10074,-0.37368,-0.39573,2.34672,-1.50085,0.90273,0.9173,0.05097,0.69195
"HLE",0.03958,1.40341,-2.04409,-0.92383,0.68438,-1.45786,0.62283,0.05534,-0.47427,0.40563,0.30675
"HMV-II",-0.81468,0.52193,-0.88739,-1.36733,-1.07743,0.20913,-1.02119,1.82394,0.00309,3.17814,-3.87796
"HN",0.00425,0.54044,-0.93564,1.96325,2.3691,1.28322,0.56595,0.79707,2.11657,-1.38193,-3.91651
"HO-1-N-1",-0.20681,3.07597,-1.52224,-0.64196,2.71193,2.12172,0.9475,0.16836,3.1257,-2.67574,-5.16265
"HO-1-u-1",-0.66444,1.40461,-0.04704,5.18108,1.17817,-0.35835,1.54317,-0.412,1.90915,-1.98186,1.14673
"HOP-62",2.19001,2.2381,-0.64408,0.09094,1.66351,0.53827,-4.35354,1.85451,1.49339,1.41136,-2.39757
"HOP-92",1.63955,3.29312,-2.27815,2.71072,1.27416,0.24491,-1.53996,1.31034,1.02421,0.47453,0.56722
"HOS",1.50571,-0.74524,-0.95278,1.92433,0.76425,-0.80552,-2.4684,-0.72568,-0.47201,2.33625,3.7253
"HPAC",0.70301,2.7458,0.25061,0.79577,3.50417,1.59007,1.92056,-0.25293,0.54714,-0.68023,0.25894
"HPAF-II",0.13438,0.88822,-0.83325,1.8255,2.30347,0.21046,2.52928,-0.26472,0.55742,-2.74745,-0.06369
"Hs-445",-2.27324,-0.62851,2.90725,-1.71323,-2.1461,3.95016,-0.63889,-0.71521,1.58971,-0.46546,-2.54208
"Hs-578-T",4.56469,2.53098,-0.55447,0.1988,1.15888,-0.52771,-3.13964,1.96247,1.14083,0.49709,0.38725
"Hs633T",1.78495,2.1661,-0.52425,0.40967,1.44818,0.16034,-1.8708,3.76216,1.16926,3.00435,0.42613
"Hs683",2.88506,1.20731,-1.09263,-0.11913,0.63452,0.38219,-3.24607,-0.90421,4.50968,1.59747,0.20135
"Hs746T",1.04248,0.7036,-1.83806,-1.27414,-0.26848,-0.61472,-3.07442,-0.82417,-0.4393,-0.21082,-4.84962
"Hs766T",1.12262,3.15147,-1.15422,-0.62947,1.34187,1.28078,0.46084,0.19154,1.14143,4.66623,-1.88796
"Hs940-T",3.08588,2.21911,-0.19614,0.09996,0.93706,2.9189,-3.31511,1.58657,7.5228,1.23599,0.17716
"HSC-2",0.26783,1.50894,0.20453,-0.03383,2.17271,0.44659,2.81788,-0.82259,0.95926,-2.14027,1.12542
"HSC-3",0.17792,1.42911,-1.71318,-0.11686,4.33973,1.92367,0.43953,0.59792,2.7097,-2.63888,-3.15359
"HSC-39",-1.45136,-3.22002,-0.39659,-0.02288,-0.43774,-2.06161,2.03692,-0.75131,-1.3278,-4.06898,0.4179
"HSC-4",0.22966,1.97666,-0.17249,0.23452,0.98458,1.23278,2.87341,0.28629,1.52797,-0.42633,-1.11537
"HT-1080",1.17545,2.59173,-0.62452,0.6826,1.15947,0.71146,-0.98997,-0.20677,0.23544,2.2691,1.96902
"HT-115",-2.3928,-2.57323,0.88877,1.25809,0.44164,1.15172,2.62883,0.39312,-0.01051,-4.97058,-1.17772
"HT-1197",0.79356,0.13159,-1.55203,1.60314,1.09238,-0.24845,-0.58067,2.00794,-0.03055,-0.37087,-1.86031
"HT-1376",-0.33595,-0.72131,-0.03813,0.9523,0.33781,0.29415,1.37732,-1.88965,-0.19335,-0.98156,2.07773
"HT-144",0.81002,0.27716,-0.02597,0.07388,-1.04861,0.0718,0.35418,3.31301,-1.34015,2.55699,0.1211
"HT-29",-0.00426,-1.14875,2.31351,0.44925,0.92347,0.00308,1.20755,-2.21283,-0.54181,-1.94515,0.89912
"HT-3",-0.58775,-0.07295,-0.05919,4.51848,1.28337,1.49888,1.68741,-0.60248,2.30744,0.00804,2.28752
"HT55",-1.22253,-1.01694,1.09138,-0.70673,-0.68808,-1.47195,1.92401,0.48671,-1.26705,-3.28199,-0.49643
"HTC-C3",0.81849,0.20484,-0.09522,-0.49052,0.20272,0.89162,0.96109,-0.54468,2.5329,-1.44568,-4.61644
"HuCCT1",0.02362,-1.25384,0.74307,1.0607,2.20817,2.04519,1.0056,-0.47556,1.98079,-0.65663,0.46674
"huH-1",-0.75142,-1.59761,-1.69489,-1.20475,-0.76647,-1.34837,1.39335,-1.81222,0.5552,0.14622,-1.14894
"HuH-7",-0.74295,0.30878,0.5357,-0.0967,-0.96202,-1.58983,-1.40308,0.99828,0.14445,0.27844,2.11838
"HuO-3N1",4.50283,1.26832,-2.25779,-0.0383,2.00254,0.11254,-5.05623,5.05674,1.25362,1.32414,-0.81417
"HuO9",1.36412,-1.93702,-0.72995,-0.41911,-0.48767,-0.90448,-2.80978,3.27869,-2.29349,0.37989,-0.68706
"HuP-T3",0.26785,-0.6496,0.70327,0.77086,0.85525,0.52849,-0.10766,-1.62266,1.53825,-2.0231,-2.81022
"HuP-T4",-0.67334,-0.02121,-1.23426,1.87022,0.32793,0.83111,1.299,-2.6869,0.29634,-2.46283,-1.824
"HUTU-80",-0.14891,-0.9484,-0.31987,-3.83215,-1.97289,-0.03253,0.52638,-0.68406,-1.6838,-0.97304,-0.50968
"IA-LM",0.49921,1.90488,-1.59666,-0.81213,1.16,1.18806,-0.24224,-2.01353,0.72183,1.67562,0.32158
"IGR-1",0.82845,0.89497,0.76619,-0.94518,-0.53667,0.72035,0.16254,-2.40356,-0.41666,2.00177,0.5906
"IGR-37",0.45146,0.40841,-0.01235,-0.01183,-0.9826,-0.48502,-0.01685,-2.22425,-0.79512,1.36561,-2.79887
"IGROV-1",-0.57832,0.23304,-1.19688,1.3719,2.55586,-0.02009,0.43726,0.22039,-0.41123,1.10421,-0.5474
"IHH-4",0.52117,0.86238,-0.84942,-1.17432,0.22251,-0.38129,0.56533,-1.45395,1.96866,1.05985,0.17515
"IM-9",-2.1952,0.34964,2.11581,-2.71897,-3.20909,7.01083,-2.44966,0.36852,1.76071,2.0909,-1.73312
"IM-95",-1.97427,-4.49696,0.64253,1.7724,-0.75298,-0.02403,1.66572,0.86903,-0.11771,-2.60338,-1.14203
"IMR-5",-0.66636,-1.65486,0.92418,1.87054,-2.75031,-3.65766,-0.77666,1.46796,-3.59234,0.41109,1.74838
"IPC-298",-0.22285,0.71622,-0.04672,0.1815,0.44773,1.10483,0.41761,-2.12723,-0.8955,2.75822,-2.3031
"IST-MEL1",1.4617,0.43672,0.96079,0.54359,1.60021,0.16409,-1.0468,3.2996,0.68481,4.86311,0.02197
"IST-MES1",1.46797,2.39433,-0.07631,0.26438,2.15238,-0.77773,-2.47607,2.05933,-0.14778,1.04318,2.12106
"IST-SL1",-0.42091,-1.33609,1.37244,0.84595,-1.39292,-3.19556,-1.05323,1.06584,-1.96752,-0.28333,2.56297
"IST-SL2",-1.94467,-1.98143,0.2034,-1.52612,-2.04045,-1.52666,0.02437,0.49045,-1.59369,-0.64497,0.1815
"J82",1.35059,0.61537,-1.98225,0.7464,0.3808,0.88755,-1.08339,-1.27315,0.71261,1.57392,-1.44279
"JAR",-1.71115,-0.74847,-0.03447,-0.06598,-0.88567,-4.17245,1.05996,-1.61934,-1.68176,-1.20107,0.70991
"JEG-3",-0.42633,0.4165,-0.62598,0.25637,-0.09742,-1.02635,-0.97751,-0.89982,-0.99891,-1.68817,0.65894
"JEKO-1",-0.32366,-0.19419,1.78963,-2.74871,-2.75372,2.12832,-1.77069,-1.5387,-0.12544,-0.49783,0.70615
"JHH-1",0.24798,-0.22946,0.28418,-0.14369,0.79682,-0.23423,0.42714,0.67484,0.66921,-1.16447,-0.2365
"JHH-2",2.36585,1.50738,-2.04688,0.10646,3.47915,-0.88944,-0.96956,-2.63715,2.06251,0.00442,-0.52311
"JHH-4",0.58405,-1.003,0.2467,1.27519,2.27673,-0.53347,0.94895,-0.20747,0.03912,1.33702,-0.39633
"JHH-6",0.70356,2.15119,-0.53852,0.03212,-0.41121,0.49076,0.34615,1.30586,0.12287,-0.05647,-2.09143
"JHH-7",-0.72773,0.67727,0.84992,-0.92559,-0.53918,-0.39627,0.16284,-1.33652,0.06355,-0.27747,0.54417
"JHOS-2",1.22974,2.94999,-4.11844,1.5376,5.23548,1.27569,1.71465,-2.98988,1.77712,-0.37588,-1.19521
"JHOS-3",1.26533,0.27185,-1.25222,0.49802,1.36274,2.11122,0.85715,-0.4152,-0.27882,-2.22332,-0.5275
"JHOS-4",0.83844,1.08017,0.02129,1.69913,-0.12068,1.36165,2.1731,-3.1997,0.67492,-0.96682,-0.68055
"JHU-011",0.50837,0.43078,-0.92963,-0.13764,0.06724,2.16008,0.0589,0.22531,2.20322,-1.15929,-5.03236
"JHU-022",0.23679,3.42458,-0.48142,0.67863,1.36751,-0.40723,3.95648,-0.2817,-0.10909,-0.48768,-1.68661
"JHU-029",1.23881,2.5081,-1.14202,-0.08464,2.58207,0.78866,0.97832,1.0521,1.30046,-2.01547,-0.52146
"JIMT-1",1.35692,0.53829,0.14854,1.33347,0.2109,-1.41555,-0.16682,-0.57249,0.01553,-0.74222,-0.93863
"JiyoyeP-2003",-1.72499,-0.50727,3.46431,-1.67443,-1.79114,3.65081,-2.21742,-0.74193,1.9394,-2.64706,0.78026
"JJN-3",-0.72959,-0.72516,2.28563,-0.68948,-2.33684,2.75887,-0.43505,1.44572,0.67975,1.47074,-0.06881
"JM1",-1.14578,0.05074,1.6082,-0.72898,-2.18976,0.09143,1.06959,-1.0093,-1.63437,-0.56224,2.2457
"JSC-1",-1.19403,-1.16187,2.26498,-1.43887,-0.68829,1.57413,-0.12885,-0.14783,-0.32172,-0.1176,0.82053
"Jurkat",-0.80572,-1.55747,4.33519,-2.1937,-1.88181,1.27127,-0.07017,0.55838,-0.656,-0.8012,-0.7461
"JURL-MK1",-1.73981,0.02696,2.88414,-2.67989,-0.66807,1.04085,-0.02269,1.10451,-0.29669,0.87778,0.86585
"JVM-2",-1.38387,0.73956,2.54958,-1.29773,-1.46884,4.69041,-0.43649,-1.87821,1.16261,-0.17534,0.52333
"JVM-3",-1.40252,0.15249,2.67911,-1.75033,-1.14944,5.41517,-2.82536,0.14847,1.80395,-0.23252,1.00924
"K-562",-1.92646,-1.16378,2.75416,-1.42064,-1.15719,-0.94419,0.20051,0.78967,-0.4164,-1.01074,2.05572
"K2",0.18452,0.52988,0.53001,-0.18889,-0.47572,-0.77398,1.23419,-2.45315,-1.73945,4.08577,0.43702
"K5",2.00947,2.8457,-2.51854,-0.49643,1.98502,1.44204,-0.06471,-0.53068,2.98493,0.43134,-1.94461
"KALS-1",1.57221,-0.26447,-4.13608,2.70191,1.10968,1.60883,-1.42547,3.29792,-0.07349,1.3889,0.03338
"KARPAS-1106P",-1.09181,1.97475,1.66174,-0.98076,-1.59221,4.81532,-0.16514,-1.48718,1.89324,-1.58494,-0.11938
"KARPAS-231",-0.73223,-0.97556,2.50186,-1.40408,-3.81673,1.62514,-0.35432,-0.77889,0.21422,1.35663,0.68881
"KARPAS-299",-1.00976,-0.80359,2.25593,-0.49141,0.87353,2.17198,0.63574,-3.17809,0.6769,-0.34018,0.93456
"KARPAS-422",-0.94212,-5.60252,1.48297,-1.12408,-3.41156,1.65113,-1.06448,-0.2424,-1.96968,-2.80615,-2.73841
"KARPAS-45",-1.30365,-0.6768,3.00091,-1.18427,-2.04028,-1.64492,-1.85428,0.77599,-1.35797,-1.74363,-0.07666
"KARPAS-620",-0.90317,-1.0094,2.34367,-1.58275,-0.61626,2.20981,0.13584,-1.58399,-1.13199,-1.18606,4.01346
"KASUMI-1",-1.75948,-1.34893,2.52762,-1.06032,-1.32678,0.00612,-1.30326,0.56535,-1.08033,-2.33142,-0.50832
"KATOIII",-0.84391,-1.13469,0.84559,0.85692,-0.30576,-0.60757,3.85654,0.9419,-0.21671,0.01752,0.67155
"KCL-22",-0.88915,-2.40055,3.52433,-1.94173,-0.2288,2.94901,-0.65835,0.30827,-0.28432,1.46534,2.49862
"KE-37",-2.85918,-2.63687,5.69921,-0.3322,-1.93066,0.32953,-2.08482,0.43796,-1.07207,0.11563,0.57834
"KELLY",-0.90377,-2.35745,1.11151,-0.20298,-1.94241,-4.23654,0.36516,1.01755,-4.18597,2.10058,1.37372
"KG-1",-2.49042,-2.32689,2.84013,-0.13709,-0.9471,2.94482,0.41852,1.12641,-0.49523,0.9178,-2.69903
"KGN",3.23977,1.16096,-4.21331,1.59013,2.33962,-0.62331,-0.38416,2.81859,0.64068,2.85567,1.24944
"KINGS-1",2.32313,2.1661,-1.45286,-0.14995,1.20606,-0.65002,-1.99904,4.40016,-0.47584,1.70862,1.44104
"KLE",0.16478,-0.94321,1.44256,1.32205,0.89328,-0.1383,-0.55694,1.10738,-0.366,2.66955,1.58772
"KM-H2",-1.79019,0.27417,1.61335,-2.13985,-1.71608,3.31308,-1.58436,0.08553,1.23384,-0.13347,2.00232
"KM12",-0.71838,-1.05243,-1.05209,1.83367,0.288,0.9608,2.17734,0.43778,-1.13123,-2.25581,2.35352
"KMOE-2",-3.84383,-2.86562,4.25142,0.34555,-1.32652,1.53348,0.37506,0.64158,-1.95282,1.25808,-0.00982
"KMRC-1",3.11246,-0.09023,-2.69118,0.95886,2.30156,1.32191,-1.38761,3.29351,3.92794,1.05794,-3.13091
"KMRC-20",1.68207,-0.26161,-1.70788,4.64024,1.17878,-0.56818,0.484,0.03918,1.72126,0.60704,0.48685
"KMS-11",-1.22265,-0.83302,1.53554,-0.0839,-2.57474,1.92512,-0.27239,-0.93625,0.23831,-0.0666,3.26495
"KMS-12-BM",-1.66118,-3.58777,0.61502,-0.96234,-1.46661,-0.69267,-0.13848,0.78159,-0.71985,-2.63435,0.79137
"KNS-42",0.42687,-1.06296,-1.54194,2.20972,-0.47739,-0.41904,-0.27576,2.48308,-1.44235,3.5406,0.73791
"KNS-62",-0.25811,-0.83488,0.64478,-0.21012,0.44934,0.93574,2.03267,1.31991,0.66427,-1.14395,0.96892
"KNS-81-FD",2.36218,2.01002,-1.42291,0.08942,0.9682,-1.06687,-2.06314,5.98179,-0.9396,2.66247,-1.42178
"KON",-0.07395,2.9431,0.41961,0.35368,0.548,1.63008,0.82204,-0.12954,2.00268,0.58502,-2.26592
"KOPN-8",-1.20803,-0.12914,2.25862,-1.36519,-0.34771,2.39818,-1.83733,-1.25003,0.05744,-0.42105,1.02056
"KOSC-2",1.17163,-0.03356,-2.54588,1.85799,1.23699,0.94516,2.74037,0.6182,2.48338,-0.71174,-1.52022
"KP-1N",-0.69761,0.90218,-2.4268,-0.00702,0.10507,-1.19845,1.21408,-1.06246,-0.04603,2.36493,-2.04147
"KP-2",-0.07213,1.11431,-1.39311,-0.88904,0.62649,1.04078,0.65641,0.05164,0.54557,-3.09733,-6.96674
"KP-3",1.2813,0.98141,-1.19453,0.05489,0.65993,0.2492,1.00796,-2.16805,0.23331,0.8416,0.1774
"KP-4",0.31266,2.85589,-0.99324,0.55933,0.61959,-0.56428,0.77316,-1.00673,-0.49983,0.38989,0.60983
"KP-N-YN",-0.25596,-0.59433,1.24814,-1.06567,-2.10779,-2.65494,-1.94324,2.1375,-2.00896,1.89735,1.37824
"KS-1",2.329,-0.17672,-0.44898,-0.25554,0.37936,-0.73227,-1.12618,1.24419,-1.23367,1.20895,1.90322
"KU-19-19",1.14264,1.87826,-1.9123,-0.86177,4.35632,-0.06814,1.1321,-0.18236,-0.47294,0.66111,-0.37855
"KU812",-0.87028,0.21191,2.15926,-1.56978,-1.22179,1.03877,-0.36748,-0.38297,0.76053,0.49398,0.18425
"KURAMOCHI",0.76809,-0.01558,1.10558,1.22668,0.765,-1.0915,0.89891,1.81439,-1.05738,2.01833,-0.00112
"KY821",-3.49212,-3.49742,2.93791,-1.61565,-1.55965,1.19419,0.6324,0.49468,-1.08333,-1.18453,-0.56352
"KYAE-1",-1.68242,-0.36681,-0.32824,1.5596,0.14506,0.42125,2.38721,-1.42808,1.32356,-2.87848,-3.07569
"KYM-1",-0.09843,-0.18827,0.83639,-5.3294,-0.35323,-1.78586,-6.01757,1.09084,-1.56391,0.60156,-4.24704
"KYSE-140",-1.03527,0.25002,0.13575,-0.33254,0.00982,-1.0903,-0.51396,1.31046,-1.54785,0.32112,1.03376
"KYSE-150",0.57699,-0.65524,-0.53241,-1.22584,-0.67506,-0.79919,2.13151,-0.17756,-0.34059,1.28745,-1.54084
"KYSE-180",-0.99354,0.26053,1.15936,0.22826,-0.20994,-1.17572,0.54726,-0.58851,-0.51039,-0.99486,-1.15147
"KYSE-220",0.56704,0.78223,-1.33544,0.71236,0.69485,0.12552,2.18099,-0.3668,-1.15712,-1.41751,2.78981
"KYSE-270",1.03263,1.22855,-0.51307,2.79492,1.8677,1.16274,0.43687,2.05358,0.0265,-1.10469,-0.70215
"KYSE-410",-0.09839,-0.61432,-2.20829,0.61398,1.40634,-0.96355,1.81186,-2.13467,-1.05192,-0.3507,0.34792
"KYSE-450",0.30721,0.4482,-0.32472,0.74202,-0.31677,-1.22839,3.90512,-1.30462,-1.74619,0.52083,1.29369
"KYSE-50",-0.54551,1.53618,0.30158,1.76564,1.06215,-0.77507,2.43155,0.90156,-0.02846,-2.02947,-0.55395
"KYSE-510",-0.09771,0.05773,0.19398,1.35923,0.62495,1.47292,3.13794,-1.08592,1.51843,-0.24881,3.25641
"KYSE-520",1.50806,1.38992,0.17562,1.49117,1.3849,-0.44926,2.62906,-0.61986,-1.06733,0.30617,0.44913
"KYSE-70",0.97984,0.53758,-2.26016,0.93198,-0.21612,-0.40924,0.90395,1.19833,-0.41019,0.29154,3.57961
"L-1236",-0.17933,-1.14232,1.43375,-1.725,-0.83495,3.80896,-0.93251,-1.74903,1.29762,-0.81398,-0.09239
"L-363",-1.71597,-1.12721,1.70413,-1.63046,-2.83103,0.86375,2.9029,0.28289,-0.26865,0.81428,1.4027
"L-428",-2.05167,-1.01486,1.02758,-1.66555,-1.2577,3.36045,0.69426,-0.79176,1.30996,-0.49915,0.10387
"L-540",-0.7933,-2.22936,1.15798,-1.02748,-0.12896,3.17282,-1.03624,-0.25131,1.00747,-1.09748,2.83593
"LAMA-84",-0.94328,-0.54457,3.52473,-1.27402,-0.7609,2.32742,0.06512,0.61575,0.35466,0.39573,0.75905
"LAN-6",-0.1116,-0.83726,1.6777,-2.37906,-1.53599,-2.98552,0.64004,0.64297,-3.51605,0.37399,1.61624
"LB1047-RCC",0.75487,0.50017,-1.05539,1.65331,2.58309,2.54767,0.50719,-1.75638,3.01001,2.54829,0.61479
"LB2241-RCC",1.27873,0.59759,-1.60428,-1.26764,-0.09693,0.43902,-0.05807,-1.29859,1.49908,3.10885,-3.7752
"LB2518-MEL",0.54421,1.83772,0.16631,-0.55248,-0.12857,-0.07836,0.74124,-1.89339,-1.28063,3.75036,0.45253
"LB373-MEL-D",0.32102,-0.33311,-0.17987,-0.51078,-0.6163,-0.29714,1.31502,-1.23881,-1.33306,2.88829,-1.12391
"LB647-SCLC",-2.27076,-1.963,-1.51234,-0.71043,-2.10394,-2.32851,-0.23012,1.38741,-3.76647,-0.80519,0.3161
"LB771-HNC",-0.16161,0.35707,0.12377,1.54662,0.39575,-0.01978,0.51488,-2.13044,1.29547,0.43497,1.31325
"LB831-BLC",1.77364,1.36053,-4.22283,1.14595,1.20764,-0.00349,-0.74441,-3.64624,1.53133,2.33378,-0.03819
"LB996-RCC",0.93037,0.75899,-2.79774,0.31424,0.71504,-0.44178,0.60942,0.10454,1.29509,2.47194,-0.905
"LC-1-sq",-0.06508,1.23758,-1.39815,0.92077,-0.87077,-0.2013,1.20295,-0.57917,-1.49368,1.07748,0.53521
"LC-2-ad",0.06094,0.16779,0.92666,3.45684,2.56666,1.12907,2.96798,-1.61116,0.75513,-1.23003,-2.31884
"LC4-1",-2.53342,-1.09033,1.80799,-2.56016,-1.40779,0.41627,-0.59121,-0.62226,-0.89977,0.57692,0.39128
"LCLC-103H",0.40304,1.606,-1.15702,-0.38124,0.20959,1.40385,-0.54189,-0.36615,0.78732,1.33342,1.59606
"LCLC-97TM1",-0.77636,-1.27065,-2.58953,1.4775,2.1573,1.93529,2.64661,-1.26658,1.05531,-1.87306,0.22629
"LK-2",0.51518,0.44147,-0.20991,0.30185,-0.66666,0.35654,3.42371,1.47087,-1.40235,0.74323,0.10234
"LN-18",2.15379,1.47865,0.25974,1.47952,1.20806,-0.77016,-0.47473,1.28965,0.15558,1.45105,-0.02394
"LN-229",1.73104,-0.08586,-0.21362,2.25074,0.40543,-0.25717,-0.49295,-0.4278,0.27265,1.02297,-0.61523
"LN-405",2.93463,0.83229,-4.4864,1.06318,0.60302,-0.24993,-2.46109,3.07378,0.80444,3.2539,-0.10411
"LNCaP-Clone-FGC",-2.31654,0.32159,0.4359,-0.27085,-2.3235,-2.1502,1.23119,-1.43658,-1.64089,-0.26723,1.03253
"LNZTA3WT4",2.82761,1.85059,-0.91463,-0.61954,0.40026,-0.68089,-2.10086,1.72831,-0.3009,1.13791,0.74904
"LOU-NH91",1.53728,0.5549,-1.96732,0.48821,1.28906,-0.69682,-0.71678,-3.00822,-0.64063,0.49956,-0.19085
"LOUCY",-0.65712,0.72592,2.4331,-1.8446,-1.02373,1.21618,-1.74918,0.66876,-1.74645,0.97134,0.56988
"LoVo",-0.8475,-2.37145,-0.52816,2.04551,2.9968,0.11698,2.77278,0.28758,0.79875,-3.51278,-0.95609
"LOXIMVI",1.88329,2.22787,-3.28768,1.80381,0.96078,0.77361,-0.32397,-3.04617,2.53786,0.18811,-1.92335
"LP-1",0.23124,0.71628,1.3851,-2.62096,-1.50213,0.35298,0.6268,-0.43285,-0.02002,-0.28661,1.41908
"LS-1034",-1.02066,-1.07903,2.32678,0.4826,1.87776,-0.26937,1.16009,-1.93767,-0.18218,-2.11445,0.57273
"LS-123",0.09565,-1.1769,-0.39541,-0.36529,1.5833,1.67777,0.70879,0.05234,1.42873,0.6612,-0.36532
"LS-180",-0.09443,-0.78855,0.35753,1.38519,0.76483,-0.3683,1.08035,-0.56109,-0.29018,-2.63467,1.16426
"LS-411N",-0.48025,-2.05601,2.08364,0.59038,-0.35809,-0.29649,1.35438,-0.78685,-0.10016,-1.49745,-2.39611
"LS-513",-0.89855,-1.9298,-0.69196,0.23286,0.03055,-0.31645,3.83105,0.32457,0.13771,-1.54331,-2.59826
"LU-134-A",-0.74906,-2.10966,1.17682,-0.26343,-2.15204,-1.97576,-0.72694,3.35602,-2.28408,-0.55633,0.53554
"LU-135",-1.86377,-2.34214,0.45047,0.53087,-1.09629,-1.68116,-0.68219,1.28804,-2.05478,0.32017,0.6367
"LU-139",-2.07139,-2.17648,0.35493,-2.24628,-1.93528,-1.26002,0.02935,-1.13198,-3.88235,-0.70295,-0.72021
"LU-165",-0.91435,-0.73746,0.89622,-0.89119,-3.77014,-3.76694,-0.97055,2.31818,-2.19223,-0.60619,-2.29796
"LU-65",1.45449,2.05388,-2.06405,3.35796,1.76221,-0.6965,0.05707,-1.92708,2.08012,2.31853,1.06052
"LU-99A",1.94605,3.13785,-0.38515,-7e-05,2.76671,-0.18627,-0.6905,-1.45535,0.02075,0.63675,2.14708
"LXF-289",2.68242,2.24091,-2.8425,0.95569,1.37516,0.11589,-0.65384,0.70756,1.74549,0.77603,-1.71901
"M059J",2.70672,1.27639,-1.9591,3.31127,2.6256,-0.10232,-1.49976,2.20258,0.78555,1.93064,-0.18409
"M14",-0.29571,-0.47848,0.14314,-0.02467,0.0014,0.99707,1.37818,1.35387,-0.75845,2.13401,0.51739
"MC-CAR",-2.10358,-1.69068,2.84269,-0.88792,-1.34532,3.73001,-1.26615,-2.23534,1.12459,2.17722,-0.84134
"MC116",-1.94765,-0.70342,1.90739,-2.0586,-1.62528,2.76995,-1.60723,-0.98591,1.04653,0.70374,2.35562
"MCF7",-2.54269,-1.13682,0.01209,-0.21364,0.90299,-1.54343,0.84292,-0.43218,-0.69382,-1.76162,-0.02077
"MDA-MB-157",0.63331,1.46567,1.02451,-0.85481,-0.17675,-0.31617,0.4365,1.8697,-1.27992,4.28085,-1.00253
"MDA-MB-231",1.63479,0.56263,-0.14169,0.15979,2.51459,0.40702,-1.07367,0.06379,1.44239,1.30829,-1.20592
"MDA-MB-330",-1.85689,0.14522,-0.75608,1.24962,-0.26308,-0.67586,1.36572,-2.72814,-0.73644,-4.69032,-2.72429
"MDA-MB-361",-1.69073,-0.32042,0.8143,1.0685,-0.29015,-2.82698,2.0355,-2.34791,-1.19832,-2.1673,-0.19253
"MDA-MB-415",0.54755,-2.00487,0.17419,0.49161,0.55122,-2.21113,3.52265,-1.19303,-1.11481,-3.16079,0.50986
"MDA-MB-436",-0.09907,0.28974,-0.07194,0.31771,0.79667,0.74549,-0.69956,-2.14576,2.73591,0.1725,1.50571
"MDA-MB-453",-0.54907,-2.31204,-0.59571,-2.30277,-1.21518,-1.6469,2.6625,-1.20308,-1.89358,-0.43481,-1.09019
"MDA-MB-468",-0.38408,0.61118,0.68764,-1.29069,1.31613,0.0998,4.24333,0.62507,0.60222,-1.4599,-0.99773
"MDST8",1.99028,1.32288,-1.39763,-0.38462,0.08938,-0.84812,-1.04824,2.27876,0.90412,2.11261,-0.98691
"ME-1",-1.94488,-1.14521,2.69357,-1.84498,-2.15345,0.83345,-1.12781,1.12888,-1.12427,0.64535,-0.88355
"ME-180",0.3973,1.56854,0.65576,-0.24451,0.21543,1.56617,1.07048,1.38867,0.04543,-0.65713,-0.50439
"MEG-01",-1.05952,0.50188,3.24425,-0.05029,-0.11874,2.76548,1.02809,-0.5871,0.91382,0.49089,-0.23171
"MEL-HO",0.07132,1.22686,0.94284,2.75251,0.00666,-0.23559,0.09154,-1.05015,-0.01871,2.97348,0.79933
"MEL-JUSO",1.03464,3.5823,-0.99645,0.48464,1.0458,-0.0014,-1.83138,-1.73941,-0.36003,1.88605,-0.32899
"MES-SA",1.58902,0.18168,0.60374,-2.58311,-0.61673,-0.82661,0.06172,-0.49683,-1.1502,0.75518,1.07674
"Mewo",1.39748,-0.11712,0.06258,-0.31583,-0.47988,-0.27653,-1.05816,-1.72339,-1.22801,1.83115,0.55253
"MFE-280",-0.10754,-0.47764,0.96273,0.51395,-0.44492,-4.06337,-0.74407,2.40754,-1.28743,-0.32819,2.19764
"MFE-296",1.19981,0.29898,0.11576,-0.52098,0.07292,-0.94505,0.08432,-0.7692,-1.72323,-0.82574,1.69529
"MFE-319",1.64791,2.07813,-0.49965,0.69984,0.58434,0.90179,1.69347,3.01002,-0.0916,0.04629,0.90929
"MFH-ino",3.52702,0.8399,-0.804,1.23671,2.23427,-0.53627,-2.50819,1.23002,0.20937,2.82426,0.21302
"MFM-223",0.18158,0.10995,0.74107,-0.71057,-0.27869,-1.42196,1.10118,-1.42305,-0.59104,-1.98801,0.69429
"MG-63",2.72276,1.92482,-2.09683,1.5026,0.06357,-0.33192,-2.06314,2.7567,-0.92396,3.76577,0.51336
"MHH-CALL-2",-1.31619,0.50335,1.66204,-2.69924,-2.89961,2.48247,-2.3192,-1.24575,-0.59854,-0.35406,-1.89001
"MHH-CALL-4",-2.62322,-0.5139,2.25469,-4.27538,-2.05474,2.44562,-1.62324,0.03091,-0.82492,0.11456,-0.31906
"MHH-NB-11",-1.55324,-1.4557,1.09431,-1.35537,-1.23108,-3.663,-0.41044,3.31975,-1.97565,1.2247,1.7286
"MHH-PREB-1",-1.63174,-0.99124,1.83401,0.88177,-1.57664,-0.35972,-0.11162,-0.1026,-0.37748,0.12269,3.04794
"MIA-PaCa-2",-0.03289,-0.73013,0.54595,0.02455,1.84382,-4.58035,0.01247,-0.93954,0.49207,-1.49528,0.60654
"MKN1",1.03414,0.51318,-0.94791,-0.35762,2.94429,0.99333,0.72153,1.46928,0.16079,-0.09184,-0.5601
"MKN28",-1.20373,-0.8455,-1.18388,-0.45869,-0.07605,-0.23431,0.89693,-1.57388,-0.12066,-2.18441,-1.09391
"MKN45",-1.3526,-1.57165,0.29636,0.87342,1.99318,-1.50753,1.88737,-0.14653,-1.2019,-1.51452,2.61054
"MKN7",0.9496,0.04261,1.70881,0.87397,2.44716,1.45225,2.35812,-2.23501,0.82533,-1.03846,-1.60581
"ML-1",2.66135,3.30158,-1.99776,1.28852,2.63216,1.50797,0.21865,1.66984,1.17291,1.10899,-1.07788
"ML-2",-3.33864,-1.41549,3.82244,0.21575,-1.25015,2.06038,-0.79059,-0.2984,-0.12718,-1.60473,1.87579
"MLMA",-1.04274,0.68934,1.92619,-3.55926,-1.93488,3.63766,-0.52416,0.33541,1.65174,-0.4743,-0.91495
"MM1S",-2.36044,-1.11549,2.0368,-2.15078,-2.61348,3.41635,1.69508,0.84634,-0.55937,0.67279,3.2329
"MMAC-SF",1.23145,0.23364,-1.19746,2.14623,-0.44347,-0.27439,-0.43323,-0.70553,-1.3297,2.29552,0.56668
"MN-60",-5.61791,-1.2957,3.06348,-1.40915,-1.02204,1.1244,0.29119,-0.07162,0.36305,-0.73098,1.97826
"Mo-T",-1.26685,-1.53634,2.51573,-2.91232,-0.51266,4.18065,-0.85565,-0.17452,5.20513,-1.30947,-1.04136
"MOG-G-CCM",3.60796,1.86536,-1.07651,0.67336,2.03362,-0.54532,-1.65149,4.50915,-0.17482,0.74733,-1.86165
"MOG-G-UVW",2.68698,3.64568,0.09204,-0.52546,0.84327,0.14422,-1.25526,2.43257,-0.36118,-0.15285,-1.65319
"MOLM-13",-3.79865,-2.70807,4.52851,-0.81957,-0.94229,1.83803,-1.76586,0.03243,0.27069,-2.71677,-0.01031
"MOLM-16",-2.49586,0.79983,1.77077,-1.91562,-0.85443,-0.26977,-0.08569,-1.27461,-1.42849,3.12799,-0.97812
"MOLP-8",-0.32523,-3.43113,1.98512,-2.59101,-2.14914,0.67724,0.52003,-1.23427,-2.00361,0.84904,2.75286
"MOLT-13",-2.23328,-2.00891,6.95671,-2.73888,-2.83461,0.85932,0.09877,1.753,-2.20218,2.15399,-0.93659
"MOLT-16",-1.62228,-2.45453,3.56679,-2.33539,-0.73504,1.66212,0.04531,-0.95806,-1.78376,-0.28743,2.45767
"MOLT-4",-4.74367,-3.97283,2.42751,-1.51317,-3.35511,0.54661,-1.39107,0.69913,-1.05884,1.27677,-1.00558
"MONO-MAC-6",-1.20898,-0.63209,3.5561,0.72591,-1.07128,3.54559,0.79223,-1.54708,1.30696,-0.4047,0.82183
"MPP-89",3.25491,0.46589,0.42024,2.01415,0.51095,1.05577,-0.77913,3.04012,0.51717,1.6647,-0.56283
"MRK-nu-1",-4.82799,-2.95412,-3.41407,-0.14898,-0.74415,-2.21483,3.27679,-0.06845,-2.81693,-1.26889,0.1221
"MS-1",-1.01166,-1.88423,1.05749,-0.80035,-3.88126,-1.78966,0.40061,1.69276,-3.13053,0.2606,1.93989
"MS751",0.75113,1.00335,0.18829,2.46151,1.31555,0.25589,2.50027,-3.32798,-0.35971,-0.74186,0.59996
"MSTO-211H",1.15543,0.21999,-2.27018,0.67113,1.79909,0.65901,0.889,-0.89876,-0.22807,1.66689,2.77214
"MV-4-11",-1.69364,-1.69066,2.94266,-1.47327,-1.19994,1.1873,-0.48786,0.75063,-1.03169,-1.77333,1.45558
"MZ1-PC",1.58467,2.36268,0.65068,-1.2209,2.55054,2.03982,-0.5801,-1.78433,2.8277,-1.41301,-4.50834
"MZ2-MEL",-0.27231,-0.1203,1.10823,-1.67386,-0.50457,-0.6593,0.24079,2.28235,-1.99464,2.43297,1.20158
"MZ7-mel",0.61139,-0.6061,0.53501,-0.41329,-0.43954,0.57995,-0.27125,-1.53192,-1.15779,0.92456,-0.42245
"NALM-6",-1.24175,2.29878,1.52018,-1.31821,-2.73691,0.46017,-2.48138,-1.30234,-1.51457,0.61356,-0.54995
"NAMALWA",-0.78889,-0.71902,3.38048,-0.23915,-1.81038,1.99319,0.94413,-1.10044,0.424,-0.09475,2.45469
"NB-4",-2.09831,0.50301,3.09972,0.50036,-1.10749,1.15596,-1.29903,0.93172,0.74304,0.24587,-0.54123
"NB(TU)1-10",-0.36414,0.23316,1.3491,-0.54097,-1.13696,-2.94959,0.10633,1.48068,-3.50002,0.67808,0.03786
"NB1",-1.37274,-1.02233,1.28312,0.30966,-0.87801,-2.65495,-1.25043,1.8233,-1.88847,0.48663,-0.30881
"NB10",0.07266,-0.56064,-0.26203,-1.28315,-0.07073,-3.27047,-0.69597,1.72316,-1.58061,1.82896,0.18869
"NB12",-0.66704,-3.29757,1.15851,-0.32064,-1.6379,-3.84578,-0.50929,1.17637,-2.96457,2.81006,1.56716
"NB13",-0.81569,-2.21047,0.2623,2.52283,-3.93644,-2.25409,-0.76394,0.598,-3.51003,0.14236,0.818
"NB14",-0.79627,-0.68818,0.24536,-0.02387,-1.6792,-3.40409,-0.92416,1.22661,-3.42221,-0.70943,3.3801
"NB17",-0.28236,-0.08943,0.8289,0.59877,-1.44395,-2.20097,-0.50693,1.16955,-3.11875,-0.61649,1.30829
"NB5",-0.06441,-1.08566,1.47559,-0.3808,-0.7872,-4.38579,-0.73872,0.21302,-1.54506,-0.22949,1.9032
"NB6",-0.48574,-1.67558,1.26191,-0.20789,-2.15933,-2.78889,-1.46866,1.58232,-3.29626,-0.08826,0.64406
"NB69",0.21854,0.61965,-0.20388,-0.18242,-0.98523,-3.05234,-1.22874,2.42921,-1.65688,3.45943,0.52902
"NB7",0.43155,1.04463,0.35474,0.32795,-2.13943,-2.43145,0.89902,1.2725,-2.42454,0.39537,1.42845
"NCC010",1.26955,-0.57855,-2.96546,5.86794,1.8341,0.65329,0.82483,-1.77775,2.0027,1.74166,0.97747
"NCC021",0.18492,-0.68907,-2.2328,1.94758,2.30311,-0.307,0.01382,-1.10159,0.62943,1.83539,1.16656
"NCCIT",-0.89073,-0.49028,0.03899,-0.50086,-0.47028,-1.92488,0.11373,-0.39849,-2.55649,-0.55899,2.81558
"NCI-H1048",-0.25144,-1.13713,-0.32028,-1.42464,-2.54476,-0.62846,-0.3823,1.74944,-0.71606,0.02457,0.37466
"NCI-H1092",-2.18094,-2.18166,1.35216,-0.60047,-4.9358,-3.34271,-1.27263,1.57803,-2.87038,-0.6406,-0.75137
"NCI-H1105",-4.6382,-3.06922,1.83684,-1.30511,-4.77642,-2.76998,0.28385,0.63946,-3.37341,-2.12954,-3.29056
"NCI-H1155",-0.79903,-1.32471,1.29395,0.26489,-1.9647,-3.95943,-0.7595,1.59413,-1.62007,-1.03269,2.4379
"NCI-H1299",0.84295,1.12985,-2.51198,0.15738,0.27016,-1.33407,1.41328,-0.60403,0.17117,-0.00311,0.93112
"NCI-H1304",-3.6897,-3.17683,-1.31419,0.08207,-1.37737,-1.46552,-1.38716,1.0174,-2.72785,0.55242,0.49346
"NCI-H1341",0.16816,-0.75888,0.44399,1.14966,-1.10307,-4.47967,-0.91557,1.42972,-1.74542,0.46228,0.85137
"NCI-H1355",1.57625,-0.1189,-0.09842,0.75328,1.59792,0.21162,1.41223,-0.48695,0.9021,1.45295,-1.4989
"NCI-H1395",1.76774,-0.30997,-2.43018,3.34024,0.48455,-0.06383,0.82897,1.94798,1.96212,1.28903,-0.49342
"NCI-H1417",-2.37594,-0.80587,0.87071,1.2063,-0.56752,-3.12546,-0.91382,-0.93364,-1.2222,-1.51414,0.31049
"NCI-H1435",-0.16085,-0.23447,0.20786,-0.93074,-0.35895,-6.95243,3.16596,-0.42424,-0.16019,-3.6798,-2.11267
"NCI-H1436",-1.28864,-2.93201,1.23165,2.24135,-0.9246,-1.85095,-0.29561,0.57441,-3.16997,-1.94407,-0.96093
"NCI-H146",-0.93086,-2.72824,1.51973,-0.99974,-1.79034,-1.53169,-1.49279,1.46065,-3.10493,-2.21872,2.16916
"NCI-H1563",1.36946,-0.23544,-2.33636,1.19892,0.06736,-0.14432,-0.54475,1.73545,-0.44607,3.60231,0.38857
"NCI-H1568",1.05384,1.20234,-0.24634,0.11915,1.43608,-0.55772,3.19174,-0.9338,0.5709,0.65473,-0.12747
"NCI-H1573",-0.4304,-0.44353,-0.59851,0.01537,0.21395,-0.66743,2.04202,-0.82826,0.44112,-1.3639,-2.59032
"NCI-H1581",-0.59099,-2.69875,0.82142,-2.12067,-1.49944,-1.3814,0.54738,1.06768,-1.80763,0.18662,-0.41756
"NCI-H1623",-0.29513,-0.74666,-0.53279,0.16537,-0.29885,-0.07195,2.67181,-2.64624,-0.76344,-1.2043,0.58097
"NCI-H1648",-0.84111,0.76064,0.35978,0.6874,1.01776,1.15854,1.67148,0.00467,2.33994,-1.62227,-2.52775
"NCI-H1650",0.66678,0.81779,-0.7147,2.59744,0.6836,-0.29532,1.37353,-2.30244,-0.43426,0.53121,-0.91991
"NCI-H1651",0.87058,-0.05653,-1.60391,1.64953,1.71609,0.70138,-1.11125,-0.23962,0.68487,1.96172,-0.65154
"NCI-H1666",0.74831,0.14538,-0.29161,1.82754,2.59848,1.18067,1.22588,-0.61901,2.87002,-0.99787,-1.98624
"NCI-H1688",-1.98617,-2.55485,0.23874,-0.60705,-0.82772,-2.11102,1.32498,-1.27171,-1.07649,-2.20682,1.06939
"NCI-H1693",-0.20597,6.34997,-1.75492,0.8582,0.42015,-0.08228,2.06581,-1.23134,0.92799,-1.57449,-1.9098
"NCI-H1694",-2.4594,-3.73688,0.76619,-3.21392,-4.59346,-3.11071,-1.02461,1.06036,-3.68176,-0.06699,-0.5221
"NCI-H1703",-0.16428,0.45708,-0.33828,-0.84218,-0.10639,-0.44759,2.21193,-1.57162,0.06776,0.93152,2.41007
"NCI-H1734",0.70198,-0.4592,-0.63649,1.49153,0.85248,0.94876,-0.64716,0.11669,2.29553,0.691,0.80675
"NCI-H1755",1.31741,-0.40652,-1.46825,0.91052,0.7701,-1.59576,-0.24767,0.08547,0.3771,1.23251,1.69378
"NCI-H1770",-1.25048,-3.45327,0.40382,-1.11731,-3.41619,-1.67464,-0.34321,-0.47369,-3.31052,-0.96417,-1.53984
"NCI-H1781",-0.76988,-2.29007,-1.09109,1.80549,0.71952,-0.42416,2.02652,-1.74096,0.73251,-1.09434,-0.67205
"NCI-H1792",1.31151,2.67127,-2.52265,2.08317,1.51847,1.36778,-0.8691,1.50235,1.76815,1.46717,0.05116
"NCI-H1793",0.22503,1.182,-2.05472,-0.30476,-0.21836,-0.14148,1.16471,-1.36979,0.62946,-0.47261,3.85723
"NCI-H1836",-0.57234,-1.65423,1.19198,-1.86619,-1.17065,-1.62006,-1.18598,-0.98453,-1.31922,-0.54028,0.31588
"NCI-H1838",-0.48363,-1.22376,-1.47295,-0.19877,0.62734,0.54091,0.2953,0.00479,0.54317,0.08366,-2.59258
"NCI-H1869",-0.56706,-0.99296,-0.21954,1.69465,0.33529,1.1096,1.97119,0.39576,1.04513,-1.61466,-1.43966
"NCI-H187",-1.27065,-0.61638,1.1796,0.02671,-1.91961,-2.33614,1.28571,-0.37355,-2.89726,-1.35421,-1.48973
"NCI-H1876",0.07362,-0.03938,-1.71459,-0.18797,-1.67418,-1.15797,-0.05805,1.46479,-2.0755,-0.4065,-0.58358
"NCI-H1915",1.96104,-0.31809,-1.89162,0.12147,0.34077,1.85967,-1.26052,-0.42647,0.44356,-0.76006,0.4471
"NCI-H1944",-0.19996,-0.68452,-0.75666,0.68904,0.49132,0.98833,2.44847,-1.58461,1.57357,-0.67995,0.82594
"NCI-H196",0.68573,0.02109,-2.77065,1.21103,-0.57076,2.18061,-2.44469,1.78771,-0.14891,0.14407,1.13506
"NCI-H1963",-1.26977,-3.00472,-0.03843,-1.38435,-7.21173,-4.03258,-0.58159,2.12222,-3.6357,-0.63381,0.10543
"NCI-H1975",0.74278,1.35052,0.3469,1.86475,0.29232,0.08715,1.055,-3.97472,0.50184,-0.81384,0.08625
"NCI-H1993",0.44241,-0.45595,0.54449,0.99465,1.74812,1.20712,1.45486,-1.54985,0.93479,-1.23328,-1.22199
"NCI-H2009",1.41909,0.74502,-1.1623,1.67169,1.87967,2.06033,0.1438,-1.18831,1.13654,-2.23568,1.14377
"NCI-H2023",0.62495,-0.18257,-1.40316,1.22151,0.53353,-0.07135,-0.01965,-1.31631,1.2809,-1.1887,1.10854
"NCI-H2029",-1.76058,-0.26354,0.65087,-1.13774,-1.28402,-0.66803,0.86548,1.49057,-0.88137,-0.40146,-0.81074
"NCI-H2030",0.7633,1.32755,-1.70413,-0.49878,2.01256,0.75191,1.12976,-1.68001,1.16804,1.16888,-1.00449
"NCI-H2052",4.05375,2.93742,-1.05141,-0.45249,1.96339,0.74003,-1.9997,3.80423,3.32739,2.36881,-0.42512
"NCI-H2066",-0.20365,-2.38455,-0.22509,1.09035,-0.03409,0.19352,-0.34008,-1.6228,1.18274,-0.3574,2.45755
"NCI-H2085",0.38397,1.89396,-0.66901,0.79098,1.11787,-4.39037,1.51144,-0.47088,-0.73311,0.25918,-1.30358
"NCI-H2087",-0.52284,-0.3572,-0.38836,0.10497,1.25825,0.50503,3.20001,-1.04782,-0.23527,-1.90638,0.13747
"NCI-H209",-3.05737,-1.87129,0.33034,-1.69721,-4.34368,-3.27776,-0.09728,-0.43048,-3.99172,-0.93727,1.45456
"NCI-H211",-0.879,-1.30486,0.06532,-1.27339,-2.54045,-1.41564,1.63679,-0.84189,-2.43697,0.26856,-0.86108
"NCI-H2110",0.27233,-1.10835,-0.47213,1.07418,0.68714,0.41672,1.46799,0.04199,0.81562,-1.58682,2.51443
"NCI-H2122",-0.59186,0.55478,-0.33947,1.45994,0.47236,-0.77424,3.86107,-1.53756,1.63029,-0.46166,0.9196
"NCI-H2135",-0.16357,-0.39302,-1.0475,0.97047,0.73514,-1.36231,-0.27064,-0.11457,-0.45279,-0.36668,0.16388
"NCI-H2141",-1.78913,-2.27705,1.09676,-0.23231,-1.44155,-2.71836,-1.60493,1.18449,-2.08525,0.18694,-0.74636
"NCI-H2170",-1.33568,-2.61094,-0.62155,3.27354,-0.29672,-3.5742,2.77192,-1.04336,-0.598,-1.58709,5.72615
"NCI-H2172",2.68604,3.8886,-0.44477,-0.80253,0.04604,-1.45359,0.38117,0.10181,-0.6413,1.54121,0.60381
"NCI-H2196",0.65247,0.836,1.48065,-0.37811,-2.39205,-1.15682,-2.6761,0.40838,-0.41825,-1.99734,1.1982
"NCI-H2227",-0.57407,-3.79459,1.60397,-1.4001,-2.84801,-2.04539,1.66158,1.70846,-3.27018,-1.74296,0.03193
"NCI-H2228",2.38843,1.90145,-2.97389,0.44893,1.07993,1.34609,0.12195,-0.84495,1.872,0.46096,-0.42302
"NCI-H226",2.03592,1.33103,-1.91235,5.32692,3.09744,0.75595,-0.36516,-0.52133,0.82682,0.97205,-0.23794
"NCI-H2291",-0.27001,1.6834,-1.19721,0.23333,3.64537,1.17943,1.39919,-0.86657,0.69007,-1.87727,-1.19867
"NCI-H23",-0.63433,-0.06715,0.5613,0.17288,3.48843,-1.66834,1.06925,-1.25098,1.59701,0.15218,-0.66196
"NCI-H2342",-1.2328,-2.12211,0.76503,1.06232,-0.85924,-1.29188,1.78951,-0.30443,-0.49311,-4.22157,-2.28957
"NCI-H2347",-0.25493,1.34125,-1.10694,4.478,4.29969,1.99415,0.80967,-1.62253,1.85666,-4.41609,-0.30371
"NCI-H2405",1.12503,2.32615,-1.60877,1.12722,0.56988,-0.85502,0.5039,1.6706,1.23014,-1.17229,1.0895
"NCI-H2444",0.24042,-0.22357,-2.15976,1.65289,3.72794,0.10765,0.78781,-1.18984,1.38167,-0.60144,-1.94702
"NCI-H2452",3.05563,2.46516,-2.49193,1.44395,2.88924,0.01422,-1.84699,1.95649,0.67341,0.79345,-0.28602
"NCI-H250",-0.46099,-0.60389,1.07382,-0.52826,0.01501,-1.0816,-4.3836,0.63819,-2.27168,-2.93769,0.44313
"NCI-H28",0.43462,-0.53343,-0.5206,2.78552,0.69836,-1.80418,0.69866,-1.34096,-0.34683,0.70001,0.9905
"NCI-H292",-1.09138,0.39655,-0.82787,0.96934,0.0282,-0.87605,1.04539,-0.6242,-0.42461,-0.56626,0.89786
"NCI-H3122",-0.73654,1.6391,0.11268,1.02505,2.04845,-1.5895,1.81446,-0.4402,0.23826,-1.91211,1.91895
"NCI-H322M",-1.2618,-0.61463,-0.3551,-0.80723,0.00792,-0.36036,0.61913,-2.54679,0.60184,-1.18782,-3.50934
"NCI-H345",-1.82639,-0.64911,0.78369,-0.30919,-1.53249,-1.44922,-0.10103,-0.07868,-2.45751,-2.31029,-1.52281
"NCI-H358",0.58125,-0.28138,-0.15585,0.75912,0.77913,0.74198,1.58965,-4.82279,-0.25951,-2.59163,-2.91862
"NCI-H378",-1.39559,-1.44926,1.30833,-0.07184,-4.38671,-3.69312,-1.55761,2.22216,-3.1492,-0.51556,-0.59509
"NCI-H441",0.20436,-1.23534,-0.97336,2.27374,4.20644,1.00303,1.96047,-1.69586,0.53861,-2.23645,-1.94493
"NCI-H446",1.04167,-0.54669,0.38587,-0.4187,-2.3255,-1.29498,-2.53842,2.6793,-1.80225,2.19207,4.5993
"NCI-H510A",-1.50011,0.46366,-0.20709,-0.48575,-1.53516,-0.66793,0.55619,1.25283,-2.87114,-2.92287,-0.25077
"NCI-H520",0.2663,3.07649,0.75793,-1.05695,-0.6249,-1.0663,0.78459,1.01161,-2.15146,-2.27572,3.37412
"NCI-H522",-1.11927,0.04914,0.54692,-1.86423,-1.6747,-4.18154,1.13277,1.39122,-3.02034,-1.1646,-2.91215
"NCI-H524",-2.42573,-1.88258,0.91835,-0.51254,-1.57752,-3.02706,-0.36101,2.30875,-4.18763,-0.11529,0.85369
"NCI-H526",-1.3407,-0.09662,0.13532,0.38715,-2.03428,-1.12578,-1.33573,1.84621,-3.27306,-0.15076,-0.19837
"NCI-H596",1.32,2.31435,-1.66899,1.10434,0.62103,2.63884,-1.08209,-1.49083,5.0526,1.51108,0.83039
"NCI-H630",-1.27984,-1.50207,-0.1472,0.20549,-0.23548,-1.14188,5.43794,-3.03582,-0.52798,-3.30252,0.3865
"NCI-H64",-3.52481,-4.20534,0.8743,-2.53311,-4.37403,-1.92069,-0.60317,0.65778,-4.661,-3.51568,0.45137
"NCI-H647",1.48692,2.53853,-0.54682,1.29682,0.92214,0.33959,-1.79497,1.01429,2.83701,2.2357,1.30195
"NCI-H650",-0.34778,3.78728,0.31799,-1.77472,0.59819,0.12094,-0.08773,-1.30028,1.68671,-0.77869,0.50056
"NCI-H660",-0.38588,-0.23816,-0.24235,-0.0515,-0.37974,-1.62475,-0.13213,0.39428,-1.9928,-2.08539,2.74455
"NCI-H661",1.76011,0.45389,1.01162,-2.89038,0.27051,-0.76658,-0.3745,1.40114,-1.11111,-0.1488,1.6169
"NCI-H69",-3.99373,-5.44773,0.80964,-1.37523,-1.72263,-3.15439,-0.83388,1.16595,-2.13108,0.04029,0.94436
"NCI-H716",-0.22213,-3.25901,0.5678,1.17319,-0.19588,-0.21318,0.32648,1.23845,-2.0038,-0.83614,0.42741
"NCI-H720",-1.15943,-1.98324,1.17606,0.98345,-1.88526,-4.65949,1.08674,1.00109,-2.92636,0.32959,3.15042
"NCI-H727",-0.128,-1.71072,1.07518,-0.9033,0.79333,-1.61572,0.71849,-0.35711,0.32767,-2.75166,0.99566
"NCI-H740",-0.60441,-3.0893,1.37827,1.31719,-0.35919,-1.16438,-2.42216,0.1668,-1.34601,0.23224,0.05001
"NCI-H747",-0.01841,1.34042,-0.12635,0.34798,0.17707,1.70498,1.56238,-3.83827,0.76232,-0.78272,-3.04648
"NCI-H748",-0.97979,-1.50075,1.36123,1.01758,-0.9225,-3.08576,0.71679,1.18762,-2.81207,-2.29991,1.56346
"NCI-H810",-0.74014,-1.68323,2.17691,0.7757,-1.15504,-2.17283,1.64996,0.17029,-2.03587,-0.60973,-0.64401
"NCI-H82",-1.72499,-3.99762,0.20855,-1.18543,-3.98423,-2.0577,0.27195,0.37885,-3.88973,-0.7414,2.88497
"NCI-H835",-1.5999,-2.42384,0.3574,-0.17317,-2.2131,-0.45073,-2.17777,0.5155,-2.90848,-1.81332,0.86919
"NCI-H838",2.10701,0.88296,0.73995,-0.65901,-0.57406,-0.96683,0.65576,0.59119,0.85791,1.14031,2.0664
"NCI-H841",0.12617,-2.06565,-0.35511,-1.08888,-0.81083,-1.11543,0.76209,1.22335,-1.77761,-0.91101,-2.41846
"NCI-H847",-0.79139,-3.04057,-0.25409,-0.77469,-0.93756,-2.65675,-1.85347,-0.0898,-4.09079,-0.43454,3.20892
"NCI-H929",-4.12006,-1.08696,1.88081,-2.58691,-1.29923,2.10757,1.43872,0.69282,-1.12638,0.86482,0.08865
"NCI-N87",-0.88648,-0.6835,-0.11499,3.26592,0.19916,-0.219,0.30872,-2.13439,-1.0837,-3.19907,0.18836
"NCI-SNU-1",1.4055,-0.66745,0.76491,-0.3195,-0.45715,-1.3869,-1.49972,-1.63653,-1.74833,1.31934,-0.69565
"NCI-SNU-16",-2.46617,-4.55662,-0.49064,-0.14762,-1.33894,-1.44559,0.64145,-2.39278,-1.22007,-2.42603,-0.54604
"NCI-SNU-5",-1.6888,-1.42827,-2.44614,1.09351,-0.26847,0.53351,2.44041,0.41077,0.40322,-1.16712,-1.30466
"NEC8",-0.69633,4.47568,-0.78869,-0.51727,-0.61537,-1.84745,1.90581,0.52804,-2.10461,-0.28674,-0.52407
"NH-12",-0.15456,-0.07285,0.46816,-1.12944,-1.53831,-2.9197,-1.2455,2.63791,-1.18491,1.62428,-0.35252
"NKM-1",-2.14593,-1.39113,1.6722,-1.73994,-2.12222,1.24382,-1.26729,1.12303,-0.85447,-0.04347,-2.86648
"NMC-G1",3.26914,1.13966,-2.80201,1.65946,0.47473,0.54246,-1.38539,3.65708,0.26744,2.74666,-2.90574
"no-10",1.99605,0.64735,-1.14203,1.63606,0.88743,-0.99069,-1.35694,-0.94107,-0.33877,0.34026,1.29019
"no-11",1.88975,0.85996,-3.40132,-0.66441,0.31793,-1.21619,-0.98122,2.20913,0.56785,0.61836,-0.34149
"NOMO-1",-2.54437,-0.46799,4.09122,-0.67217,-1.32145,2.39056,-2.97126,0.10395,-0.41802,-2.01703,1.01266
"NOS-1",0.9796,0.44523,0.23743,-2.22903,-0.95834,-2.04081,-0.28018,2.65581,-1.93606,0.72412,-1.09917
"NTERA-2 cl.D1",0.46842,0.00047,-1.65666,0.98174,-0.67681,-3.61537,-1.77409,-1.43455,-1.54357,0.98516,0.80487
"NU-DUL-1",-2.03474,-0.09565,2.78665,-0.48788,-2.27453,1.99387,-0.44478,-0.32088,0.6624,0.43682,3.17602
"NUGC-3",-0.79822,0.741,-1.13423,0.02292,1.38042,1.14172,1.07368,-0.2203,1.71621,-2.1855,1.04312
"NUGC-4",0.45284,-1.51932,-0.54429,2.38282,1.96705,1.40759,1.19573,-0.96883,0.43228,-1.27842,-1.78097
"NY",1.64011,-0.77334,-0.85717,-1.10927,0.32781,-0.50559,-1.25174,2.77377,-0.43335,0.05847,-0.75295
"OACM5-1",-0.16317,-1.03744,-0.70163,0.50421,-1.21427,-4.74169,-0.65084,1.73158,-2.29181,1.30796,0.64042
"OACp4C",-0.2957,-0.40624,-0.46902,0.14795,-0.51198,0.68015,2.02574,-0.04986,0.80539,-0.97205,2.64405
"OAW-28",-0.15926,1.39374,-0.60925,0.94565,0.69536,-0.44446,1.45645,0.24489,-0.93271,-0.83947,-0.34053
"OAW-42",0.07733,1.12854,-0.4587,-1.05866,0.38549,1.51475,1.61037,-1.91138,1.42537,1.25472,1.15007
"OC-314",-0.68016,-1.11949,-0.26971,1.6812,0.84132,-0.23816,0.56359,-2.43116,0.17327,-0.95325,-0.31114
"OCI-AML2",-2.84444,-0.4672,4.71626,-0.31363,-0.97454,2.8546,-2.39584,-1.28911,0.02352,-1.47012,0.94788
"OCI-AML3",-1.30679,-0.20438,3.58152,-1.10721,-0.74753,1.97945,-1.582,0.38653,0.86749,-1.9462,1.86449
"OCI-AML5",-2.87928,-0.55172,2.40027,-1.35904,-1.36423,2.46949,-0.6203,0.27209,-0.27901,0.50272,-0.27168
"OCI-LY-19",-2.63813,-1.35333,1.8738,-1.36762,-2.61582,1.25393,-0.03646,1.59664,-0.53325,-0.23301,0.81752
"OCI-LY7",-2.60022,-0.94762,2.01826,-3.14906,-2.065,0.1797,-0.33883,-0.48176,-0.41043,-1.39494,2.22699
"OCI-M1",-0.20943,0.30587,1.73739,-1.4269,-1.92673,0.92062,-0.58232,-0.79238,-0.63795,0.20676,-0.13059
"OCUB-M",-1.5517,-1.99427,0.33927,-0.03844,-1.01058,-3.17949,3.12783,-0.20355,-1.87498,-0.98446,2.35152
"OCUM-1",-0.07392,-0.33648,0.39867,0.86292,0.33051,-0.90039,1.93836,0.06668,0.54813,-2.87603,-3.77232
"OE19",-1.26033,-3.68974,1.28073,0.6192,-0.73957,-0.98274,1.72946,-1.53165,-1.14149,-1.1897,0.02562
"OE21",0.57434,-0.784,-0.26764,1.40238,0.00238,0.33833,1.14212,0.78394,0.3524,0.28118,-0.26238
"OE33",-0.63895,-0.44619,-0.14036,2.09391,1.84077,1.53228,3.50842,-0.38521,1.45343,-0.32045,-1.01342
"ONS-76",0.40802,3.75691,0.63997,-0.58432,1.21535,-0.5933,0.56933,0.66775,0.65332,0.05691,0.02088
"OPM-2",-2.58325,-1.92181,0.64536,-0.85299,-1.32523,1.54907,0.84398,-1.32468,-1.50219,-0.02343,2.2059
"OS-RC-2",1.30029,-1.62915,-2.21364,2.80167,0.69361,-0.33653,0.3475,0.59294,1.70782,0.39985,-0.12541
"OSC-19",0.51526,3.5072,-2.04773,0.78454,1.45234,2.14425,0.79651,-1.32055,5.59336,-1.53386,-2.22337
"OSC-20",0.10683,-0.62267,0.0879,2.1058,1.72415,1.6516,1.6801,-1.1299,0.78965,-0.60157,0.53887
"OV-17R",-0.10688,0.51345,-0.42744,-0.24973,0.08989,-1.4772,0.79535,1.19366,1.1673,1.12206,0.35315
"OV-56",1.77591,-0.02978,-0.93665,2.02733,1.79897,2.59711,-0.00737,-0.52149,3.33355,1.6458,0.50434
"OV-7",2.7327,-0.26871,-5.53083,1.82628,4.27061,0.1474,0.37428,-1.31304,1.69903,2.54289,0.30221
"OV-90",-0.70483,-1.42017,-0.25694,3.20858,-0.53236,-0.29441,0.74001,-2.21994,-0.06225,-0.18874,-0.93071
"OVCA420",-0.23349,-1.86258,-2.68866,3.10522,1.14715,-0.51729,2.50499,-2.1396,0.86663,-0.27798,-0.00358
"OVCAR-3",-0.60271,-0.03678,1.20244,0.8208,-0.39653,-0.55714,1.40001,1.24963,-0.67577,-2.20399,3.46298
"OVCAR-4",0.13383,-1.37155,-0.87393,1.99618,0.10442,0.23507,3.69991,-2.05552,-0.23261,0.13823,0.79137
"OVCAR-5",1.18809,0.76048,-0.50579,1.03024,1.13374,-0.55898,0.48484,-0.04515,0.49341,1.11042,1.60483
"OVCAR-8",1.80153,0.43368,-1.73557,-0.17459,1.14338,0.41376,-2.94622,0.31317,0.67593,0.92496,0.36117
"OVISE",0.47493,-0.21367,0.67523,1.57412,1.70253,0.05662,2.67582,-0.88929,-0.73128,0.78231,-0.57133
"OVK-18",-0.60862,-1.15512,0.47902,-0.4119,-1.00682,-0.9827,0.13535,-2.4209,-1.76586,0.77927,0.51437
"OVKATE",0.75405,1.09103,0.46727,-1.29551,-0.0097,0.17869,0.32217,-0.45072,-0.48883,-3.91976,-3.70091
"OVMIU",-1.08719,1.03171,-0.60167,0.62368,1.57776,0.98131,3.63534,-0.01732,-0.69956,-0.20266,2.5108
"OVTOKO",-0.08037,-1.34066,-1.01216,1.13548,3.04301,-0.0353,2.24135,-5.92241,1.35823,0.32919,-0.89121
"P12-ICHIKAWA",-1.76572,-1.765,1.94033,-2.85755,-1.16774,0.1066,-2.4648,0.66519,-2.48484,-0.56731,1.07992
"P30-OHK",-0.69125,0.55313,0.48608,-2.53426,-2.07287,0.42296,-1.5205,0.23015,-0.62921,-0.86773,-0.69422
"P31-FUJ",-2.77058,-4.1363,3.12781,-1.9618,-0.91109,2.31946,-2.34354,-0.58041,-0.17431,1.24234,4.58564
"P32-ISH",-3.62757,-1.14238,2.76006,-2.84804,-3.10313,-0.44454,0.5902,0.44795,-0.23553,-0.2743,2.24612
"PA-1",0.78088,0.70476,0.17879,0.22236,-0.35236,-0.68888,-0.20269,-2.52344,-1.15313,1.2524,1.69602
"PA-TU-8902",-1.25177,-1.82292,0.83283,1.23734,0.75556,-0.11052,0.99773,0.03231,0.39196,-1.10127,0.28574
"PA-TU-8988T",1.15143,-1.13383,-2.09459,0.22196,-0.13605,-0.03753,-0.60482,-0.19923,-0.4254,0.64914,0.79056
"PANC-02-03",0.38825,1.84423,-1.40403,1.17944,1.43183,0.51924,2.08079,-1.96533,0.35437,-0.12553,1.18427
"PANC-03-27",1.25389,3.79316,-0.71647,1.46349,3.439,2.20376,0.82358,-4.04226,2.99143,-0.02221,-0.0081
"PANC-04-03",0.77676,-0.32829,0.40936,0.59919,2.26907,1.30728,0.59336,-4.05212,0.69101,-0.84148,-2.04964
"PANC-08-13",0.69009,0.55527,-2.30326,2.13335,4.4385,3.22884,0.97842,-2.75535,1.66798,-0.37615,-0.95226
"PANC-10-05",-0.11108,0.76066,-0.19302,1.43249,1.14057,0.27726,0.61486,-3.51396,0.18428,-1.0588,0.06381
"PC-14",0.56866,-0.62,-0.56323,0.57807,1.18571,-0.68401,3.89482,-0.10163,-0.08791,-1.66075,0.56176
"PC-3",0.43192,0.20116,-0.94532,-0.14103,0.29071,-0.63274,3.23227,0.29327,0.04771,-2.60169,-1.8745
"PC-3 [JPC-3]",0.34442,-1.80816,-0.7264,1.24034,-0.04822,1.93809,2.81762,0.20899,1.97505,-0.56787,-1.86135
"PCI-15A",-0.13968,2.28262,-0.16094,0.24614,-0.03628,0.50602,1.44333,1.23182,0.27328,0.268,-0.00595
"PCI-30",1.82183,-0.07652,-0.22177,-0.40552,1.40823,-1.29658,-2.37044,-0.3338,-0.97612,-0.3709,0.43415
"PCI-38",-0.41135,0.38326,-2.86768,4.10803,0.26203,0.37655,1.59269,0.86696,-0.36447,0.4409,1.55296
"PCI-4B",1.13513,2.17109,-1.86009,0.40438,4.88131,1.79443,1.30825,1.03107,2.10848,-1.69892,-2.2541
"PCI-6A",-1.24844,-1.40774,0.39808,1.2353,1.40194,1.56253,-0.10159,0.43625,0.09504,-0.21,1.69091
"PE/CA-PJ15",-0.15937,-0.72181,0.52983,2.37708,1.86735,1.8056,3.20235,-2.03166,0.44926,-1.49091,0.91954
"PEO1",0.01085,1.30576,-0.27924,0.49817,0.55783,0.57935,2.70536,1.72129,0.12619,-0.9982,-0.46474
"PF-382",-1.71169,-1.64867,2.78009,-2.47752,-4.16283,0.85347,-1.42312,-0.96479,-0.9782,-2.30388,-4.29576
"PFSK-1",1.00068,-0.68806,0.28226,0.46451,-0.43415,-1.27055,-0.67437,-0.18817,-1.83671,1.56542,7.60505
"PL-21",-2.45832,-4.10962,4.25931,-1.14838,-1.37414,1.16035,-1.05875,0.2551,-0.46737,-2.01382,0.38826
"PL18",1.86243,1.11944,-2.0406,0.61516,1.16017,-0.1843,-0.40862,-1.55959,0.51747,-0.68554,0.24248
"PL4",-0.43523,0.20138,-0.74321,1.88475,2.30268,0.79027,-0.16227,-2.27897,0.60342,-0.09401,0.77655
"PSN1",1.54131,1.47102,0.72417,0.65165,2.52413,0.10548,-0.42171,0.84988,1.02092,-0.06387,-0.77321
"PWR-1E",1.76291,0.7079,-0.00147,1.90441,1.89009,-0.68845,-0.38746,-1.32387,0.49381,1.77239,1.65324
"QGP-1",0.5418,-0.06027,0.71572,-0.91395,-0.22443,0.33401,0.26148,-2.63789,1.16779,0.77671,-2.25825
"QIMR-WIL",-2.30119,-0.84835,2.01058,-2.08027,-1.86244,4.38614,-0.95277,-0.41698,2.29083,-1.67057,0.36877
"Raji",-1.21961,-0.09301,2.3575,-2.96857,-3.219,2.73668,-2.96403,-0.57401,0.90581,-3.01468,0.77205
"Ramos-2G6-4C10",-0.95942,-0.89485,1.98314,-2.57068,-1.43044,2.28896,-2.66488,0.0997,-0.12582,0.14393,-0.72872
"RC-K8",-2.13135,-0.66958,0.80861,-1.69555,-2.62741,3.73635,-0.12331,-0.52863,1.54878,-0.0929,1.98567
"RCC-AB",1.89118,-0.28138,-2.38396,2.45168,0.5146,0.43954,0.33697,1.36528,0.53359,1.86422,-0.86009
"RCC-ER",1.24872,0.43627,-4.37886,0.79269,1.68584,-0.78081,-0.61046,-0.87173,2.98201,0.84492,-0.91055
"RCC-FG2",1.20561,-0.65458,-2.20372,2.78074,0.80333,-0.66085,1.89205,-4.52772,1.65201,1.30482,-1.29072
"RCC-JF",0.80195,0.7662,-0.98191,1.79494,1.52384,-1.03079,1.2002,-1.36364,0.9902,0.42456,0.26815
"RCC-JW",0.38241,-0.93377,-0.41,2.11418,0.50318,-1.23188,0.75959,-1.48849,0.87701,1.20658,0.60254
"RCC-MF",2.40321,0.33691,-6.31269,0.57718,0.90217,-0.51379,-4.30597,0.10986,2.66052,2.16854,-2.81326
"RCC10RGB",1.99993,1.85459,-1.77884,0.99146,2.07841,-1.70732,-1.41354,0.29866,1.01708,-1.7631,-0.48105
"RCH-ACV",-2.78365,-0.61002,1.4844,-1.67092,-2.34748,1.53444,-0.20706,-0.02664,-0.92236,-0.75187,1.15109
"RCM-1",-0.73937,-0.71728,0.81491,2.1897,1.00553,1.35844,1.63859,-1.01091,0.00192,-2.69319,-1.58234
"RD",0.74024,0.78551,-1.67291,0.00679,-0.65212,-0.74205,-1.65961,0.39278,-0.64805,1.29032,0.37591
"REH",-1.9965,-1.36542,2.11972,-1.18408,-2.36532,0.48121,0.84699,-0.97512,-2.03966,0.92569,-0.61256
"RERF-GC-1B",-0.38388,-0.85621,0.18596,-0.88753,0.63745,-3.55951,0.05564,1.13937,-1.49478,0.27558,-0.33521
"RERF-LC-KJ",-0.69157,-1.05805,-0.18119,-1.04396,1.19988,-0.17275,3.59211,-3.5659,0.53146,-0.63864,-0.95959
"RERF-LC-MS",2.35059,0.67451,-0.50872,-0.01137,1.09839,-0.31434,-0.09926,-2.06884,1.04083,0.47819,-2.21371
"RERF-LC-Sq1",-0.13932,-0.04508,-0.41628,0.2594,-0.28299,0.66085,-0.23214,0.28303,0.36993,-0.05691,0.78544
"RF-48",-2.17758,-0.83555,2.5485,-0.52347,-0.77237,4.40164,-1.23172,-2.11711,2.01676,-0.19284,-0.14689
"RH-1",-0.42026,0.53469,-0.22622,-0.87167,-1.30942,0.05367,-1.76681,-0.90076,-0.59961,-0.16652,0.75631
"RH-18",0.42619,-0.83219,0.2726,-1.17976,-1.40811,-2.85502,-2.60707,0.69441,-2.14534,-0.37528,2.03181
"RH-41",0.86087,1.25618,-1.13209,-2.23281,-0.65081,-1.31145,-3.15047,1.83509,-1.54957,0.99786,1.5988
"RKN",0.55287,1.99808,-1.04535,0.39193,1.53118,0.92524,-0.49697,-2.45907,0.85492,1.41536,1.14687
"RKO",-0.30463,-0.62488,-1.28852,-1.9912,-0.16327,0.17531,1.68686,-0.89592,0.40057,-0.24606,-1.04716
"RL",0.32391,-0.52115,2.15887,-3.73482,-1.97953,1.77544,-1.12912,-0.4578,-0.09075,0.21275,-0.90372
"RL95-2",-1.21976,-1.12796,-0.65119,0.37074,0.25587,-0.17403,2.57273,-0.76084,0.05351,1.37556,0.55509
"RMG-I",0.33987,1.6941,-0.31259,-1.04855,1.59998,0.05609,0.81332,0.53293,-0.01221,0.40889,-0.51223
"RO82-W-1",3.42821,0.54209,-2.22038,-0.10576,1.22853,-1.497,-2.34896,0.98578,-0.63143,1.24766,-0.86966
"ROS-50",-3.48597,-1.35062,3.81677,-2.26476,-1.03707,1.10554,0.31115,-0.41857,0.04907,0.21801,1.64623
"RPMI-2650",-0.85866,-1.19444,1.67098,-0.46137,-1.17069,-2.0822,1.78228,0.73571,-1.29653,-0.71698,-0.21567
"RPMI-6666",-0.48014,-0.3133,1.52589,-3.35323,-2.64172,5.09919,-2.43553,-0.07945,1.49422,0.60242,-1.99744
"RPMI-7951",4.69855,1.65086,-0.37815,1.53141,0.23811,0.64309,-4.10858,4.31287,3.12512,0.79109,-1.57404
"RPMI-8226",-1.53633,-0.76786,3.40459,-0.04337,-2.76463,1.74136,0.94075,0.59922,-1.20063,0.69036,2.65098
"RPMI-8402",-1.34206,-2.30485,3.42213,-4.48461,-2.46481,-0.61116,-0.23727,-0.28179,-1.41994,2.46155,-0.05431
"RPMI-8866",-1.71056,-2.48142,2.03262,-2.60826,-1.19042,3.4586,-0.23349,-1.59342,1.58509,-0.22296,0.59119
"RS4-11",-2.35541,0.36134,2.01328,-2.6348,-1.98338,0.6355,-1.59421,-0.41319,-1.59683,2.04982,-1.32884
"RT-112",0.36309,0.39787,-0.64683,0.50544,0.96823,-2.04909,-0.28386,-2.45393,0.13866,-0.03029,-0.43952
"RT4",-0.04443,1.73095,-1.39918,-0.42907,1.31625,-0.68851,-0.87398,-4.88885,0.14781,0.64132,-1.00858
"RVH-421",0.0261,0.26291,0.33864,-0.97079,-0.75444,-0.31012,0.15081,0.32329,-1.03781,1.95503,-3.44246
"RXF393",1.88004,0.79113,-2.87041,2.39222,0.92174,0.8423,-0.72447,2.26037,2.55819,-0.66674,-0.4532
"Saos-2",1.68806,0.1311,0.48911,-0.70626,0.28765,-1.60865,-1.07847,3.19617,-1.32578,2.33258,0.36673
"SAS",-0.38939,0.08758,-2.64963,0.84955,0.57029,1.03198,1.77586,-0.14634,0.8993,-0.53735,1.7283
"SAT",-1.50413,-1.74654,0.20046,1.08666,0.57613,-0.20863,2.22883,0.71171,0.05842,-2.20826,-0.65928
"SBC-1",-2.98716,-6.63575,1.36061,-0.38495,-2.02878,-1.24589,-0.50375,-0.58559,-2.44358,-0.6408,1.40896
"SBC-3",0.49146,-0.5552,0.31945,-2.43416,-1.60652,-2.1036,-0.00941,0.10086,-0.80913,-0.77191,0.84941
"SBC-5",0.35686,-1.56036,1.02086,-2.15436,-1.28774,-1.30537,0.31831,0.05336,-3.16603,-0.48514,0.95746
"SCC-15",-0.27557,0.73729,-0.98526,1.29702,2.05761,0.97522,0.0633,0.33933,3.14018,-0.93747,-3.92109
"SCC-25",0.81653,1.93717,-2.86148,-1.50353,1.22061,2.3436,-0.68264,0.08035,3.7144,-0.76761,-6.78974
"SCC-3",-1.46848,-1.35917,2.00852,0.32801,0.05336,2.54063,-1.74277,-1.39308,1.13443,-0.38551,-0.5166
"SCC-4",-0.03983,1.85466,-0.6243,0.16409,2.46356,-0.24724,0.78786,-0.49751,0.3223,-2.01646,3.01841
"SCC-9",0.64031,1.69437,-0.2364,1.64807,0.5892,1.33946,1.08222,0.89791,3.28734,-1.86287,-5.29655
"SCC90",-1.30464,-0.42078,0.05624,-1.46034,0.12476,-1.82704,0.73006,1.11936,-1.76527,-0.17746,-0.54961
"SCH",0.39887,1.97935,-0.10935,0.75775,-1.24716,-1.25158,-0.0636,0.7489,-1.29385,1.28512,-0.67589
"SF126",4.19506,3.29014,-1.65333,-0.17158,0.54021,-0.16538,-3.85772,2.56757,1.00473,1.31151,0.1463
"SF268",1.50451,0.70469,-1.00135,2.67286,2.0935,-1.4665,-0.88144,2.94126,0.17822,0.64958,0.94069
"SF295",3.45225,1.58153,-0.10236,-0.3259,1.29077,-0.57608,-1.67127,1.32939,2.27167,4.64747,0.13375
"SF539",1.34387,2.48169,-0.57637,0.00836,1.17565,1.26428,-3.2267,3.09871,0.41827,0.58119,-1.30943
"SH-4",-0.44354,1.78969,0.04139,0.44685,-0.77805,0.47917,-0.44536,-3.57011,-0.95369,1.85268,0.55055
"SHP-77",0.03279,-1.07738,0.15608,-0.73254,-0.3703,-2.99341,-0.69207,1.59099,0.19021,-1.5262,-1.39891
"SIG-M5",-2.9013,0.05237,3.97079,-0.55529,-0.56233,0.10133,0.109,1.05649,-0.84305,-1.78331,0.69088
"SiHa",0.48013,0.82724,-3.07783,3.08142,0.63726,-0.01066,0.84446,0.5227,-0.0484,0.07624,1.56362
"SIMA",-0.66923,-1.23912,1.55915,-0.67845,-0.91416,-4.02848,0.5952,1.26654,-1.80246,1.39924,1.90709
"SISO",0.52852,0.12479,-1.14243,0.42942,1.39254,1.06968,0.52566,1.24646,3.83491,1.29634,0.42225
"SJRH30",0.57954,-0.27444,0.0066,-0.98784,-2.26956,-1.81476,-2.47347,1.62927,-1.8353,0.97928,-1.18111
"SJSA-1",3.37791,4.32847,-4.55998,-1.77318,-0.19192,0.16699,-2.43767,2.50463,1.65477,1.40137,0.42358
"SK-CO-1",0.65522,-0.10427,-0.30604,2.13734,0.81326,0.77109,2.3568,-2.56993,0.5568,-0.15576,2.10552
"SK-ES-1",-2.15212,-0.99458,0.21817,-1.84434,-1.59466,-2.03487,-0.66782,2.05581,-3.02141,-1.50565,1.88705
"SK-GT-2",-0.45022,-1.76278,-0.55429,-0.15911,1.63848,1.68347,0.96666,0.70947,1.69208,-0.5566,-0.09357
"SK-GT-4",1.33481,0.83649,0.25425,1.19154,1.1727,0.57378,1.68431,-0.52388,0.54708,-0.66813,-0.57023
"SK-HEP-1",1.10472,1.20717,-0.98087,-0.67711,1.38616,1.14761,-1.06759,-0.93018,3.09234,2.73505,-0.99239
"SK-LMS-1",2.28443,2.68548,-1.36196,-0.57511,3.07971,0.85374,-3.38746,3.18441,1.27214,0.27733,-1.78927
"SK-LU-1",0.14097,2.72336,-0.94429,3.14278,1.66692,0.40259,-0.99632,2.20081,1.7974,0.22882,-0.79191
"SK-MEL-1",1.47761,2.04167,2.27119,0.40749,-0.49201,0.03831,-0.34261,-0.64169,-0.98451,1.40171,-0.30575
"SK-MEL-2",0.48077,1.08614,2.15379,0.34258,-0.19592,0.56421,-0.51638,-2.96275,-0.67639,2.35312,-1.90947
"SK-MEL-24",0.82286,0.40039,-1.0867,4.00429,0.86959,-0.34729,-0.42855,-4.6201,0.36921,3.68423,-1.15513
"SK-MEL-28",0.76333,0.91974,-1.83091,0.89509,-0.28882,0.70459,0.34418,0.58613,-0.94497,2.20797,-1.16578
"SK-MEL-3",-0.41538,0.49952,-0.32433,-1.11788,-1.09389,0.44872,1.97655,-0.26961,-0.4264,1.09979,-1.4748
"SK-MEL-30",0.25938,1.06676,0.4969,1.27027,-0.04386,1.02557,0.94336,-1.31362,-0.07553,0.81324,0.41884
"SK-MEL-31",1.20875,0.85312,-0.11653,3.31082,-0.26122,0.75058,-1.46282,-1.15013,0.17827,5.82823,-1.0927
"SK-MEL-5",0.25319,1.02296,0.44687,1.99728,-0.42707,0.12829,0.42958,-3.41154,0.28421,1.73351,0.6441
"SK-MES-1",1.61317,2.6604,-4.00139,-1.01186,3.14598,0.49017,0.24277,-2.23804,2.64424,0.50017,-0.73383
"SK-MG-1",0.72622,2.75702,-0.74174,3.73846,0.88793,-0.55619,-0.09425,1.43686,1.47445,1.02013,0.18563
"SK-MM-2",-2.02849,-0.02766,1.72328,-1.3291,-2.94955,1.70336,-0.24842,-1.60056,-1.16221,-3.0317,1.55022
"SK-N-AS",0.23756,-1.91342,0.01803,-1.63085,-0.22946,-5.62538,0.31424,0.26263,-0.05202,2.7069,-0.09732
"SK-N-DZ",-0.71783,-0.35076,1.34851,-0.22409,-2.25406,-4.33083,-0.83693,1.16193,-3.68475,-1.15647,-0.38475
"SK-N-FI",0.67722,-1.65896,0.49686,-1.09293,-1.63926,-2.79751,0.41782,1.33146,-2.6059,0.76167,-2.10756
"SK-N-SH",0.38656,0.78306,1.06646,-0.77503,-1.45498,-3.70464,-0.27505,1.23452,-0.69155,1.53347,-1.29063
"SK-OV-3",1.22619,1.27915,-0.4961,-1.66217,2.17491,-1.06687,-0.59724,-1.81749,0.52731,-0.14303,-1.75547
"SK-PN-DW",-0.32928,-1.0723,0.24906,-3.27057,-1.89505,-0.95006,-0.61198,1.09897,-1.48927,-0.99143,4.96245
"SK-UT-1",0.74503,1.53632,-1.72517,-0.25166,0.00431,1.37721,-1.69819,-0.72167,2.25123,-0.0543,-0.87431
"SKG-IIIa",0.32368,0.53535,-0.60449,-0.14429,1.2199,0.51206,0.9676,-0.94099,2.80944,-2.11061,1.09323
"SKM-1",-2.02826,-1.25148,3.62473,-1.24743,-1.44208,1.25902,-0.79418,0.15026,-1.04861,-0.3418,-1.5136
"SKN",2.59487,1.59223,-3.16674,-0.09117,1.2503,-1.02776,-1.08259,1.61026,1.08752,0.99983,0.64196
"SKN-3",-0.57206,-0.23678,-0.20518,1.49856,1.26679,2.50145,1.50603,0.54473,1.98566,-2.10421,-1.73303
"SLVL",-1.04634,-0.03384,3.41687,-1.95308,-1.82902,5.74989,-0.11052,-1.28516,1.93519,0.82652,-0.37717
"SN12C",1.48632,1.65452,0.27779,0.19474,1.97869,-1.09617,-0.09719,0.31347,-0.08355,0.6424,-0.8025
"SNB75",3.20717,0.93538,-1.27291,1.83478,0.29426,-1.04706,-2.72718,5.41566,-0.0919,0.61651,-1.67509
"SNG-M",-0.03236,1.05008,-0.46238,2.09837,1.59985,0.59226,1.93131,0.10423,1.27901,0.70625,0.46908
"SNU-1040",-0.41712,-0.50459,0.39455,0.18897,-0.57097,-0.10097,1.42046,0.66386,-0.6512,-2.59605,0.07548
"SNU-175",-1.35459,-3.34613,-0.78738,0.6295,-0.46378,-1.20264,3.65317,0.75529,-2.06596,-0.14915,-0.46886
"SNU-182",1.5986,3.41451,-0.30082,1.42716,1.94457,-1.00668,-0.84255,2.85456,-0.6886,4.33175,0.82588
"SNU-283",-2.71246,-4.04797,0.88514,0.66666,0.08872,-0.54965,1.37496,-0.01905,-1.85047,-2.91596,-2.07405
"SNU-387",2.23995,2.36341,0.07331,2.70793,1.02411,-0.45748,-2.62896,1.76789,1.24671,1.28761,-0.22296
"SNU-398",1.32876,-0.1279,-1.10631,-1.89001,-2.65488,-1.57075,0.5797,-0.19906,-2.16938,-0.31593,1.32094
"SNU-407",-0.32715,-2.27946,-1.26391,1.10897,-0.28505,-0.64304,2.51127,0.98646,0.37276,-2.32018,0.77655
"SNU-423",1.60494,3.55371,-1.94051,0.29628,1.24318,0.22776,-0.97925,2.33983,1.03271,0.02938,-0.72007
"SNU-449",0.7582,-0.23223,-1.53128,-0.05504,0.79661,-3.15376,-0.47317,-0.31716,0.31355,1.42586,-1.45587
"SNU-475",1.92444,0.87695,-0.629,2.27076,0.86615,-0.91238,-0.48049,-1.37055,0.6034,1.14387,-1.55022
"SNU-61",-1.41644,-1.33649,0.43933,0.68885,1.00139,0.22725,1.84859,-1.49049,0.32096,-3.99246,-0.33149
"SNU-81",-0.79295,-2.51097,0.48552,0.79652,-0.511,0.35519,2.30571,0.43853,0.04869,-5.19461,-0.28774
"SNU-C1",-2.17216,-1.69939,-0.79117,0.46609,-1.2019,-1.62575,3.73763,-3.97088,0.8875,-3.30885,-2.9937
"SNU-C2B",-0.19482,0.00147,-3.62644,3.73776,1.03071,0.953,1.17032,-0.11443,0.9653,-1.46093,-1.25219
"SNU-C5",-0.07215,0.46452,-1.94038,1.4934,5.58367,0.48613,0.617,0.12742,1.74162,-0.28577,1.18581
"SR",-2.11686,-1.45447,2.04185,-1.54937,0.21396,2.54891,-1.07268,-0.8752,0.46514,-0.82231,0.08778
"ST486",-1.12247,-0.10822,1.72087,-1.35366,-2.21638,0.55523,-1.09186,-0.26444,-0.02408,-0.26976,3.09156
"STS-0421",1.2199,0.22735,0.14373,0.48084,1.92514,-0.46684,-0.95607,0.76517,-0.55377,-0.68685,2.16756
"SU-DHL-1",-1.02168,-0.52098,1.76424,-0.74912,-0.67329,0.82729,-1.20882,-1.20332,-0.04045,-0.51134,1.16366
"SU-DHL-10",-3.41682,-2.42918,1.90052,-2.4766,-1.95221,1.52105,-0.49203,-0.09898,-1.57029,0.77478,0.21414
"SU-DHL-16",-1.38278,-0.46877,1.57394,-1.72718,-2.39688,2.787,-1.49608,-1.27538,0.60211,-0.5794,0.20171
"SU-DHL-4",-2.6716,-1.05294,1.56294,-1.74902,-1.72951,-0.21549,-0.33218,0.53251,-1.54277,-0.59466,0.56785
"SU-DHL-5",-2.59213,-0.75758,1.54802,-3.46966,-0.68366,2.12279,0.85262,0.28518,-0.11593,-1.10928,3.92545
"SU-DHL-6",-1.38045,-0.01286,2.13797,-6.61005,-3.29354,-0.2444,-0.99076,0.45255,-0.74465,-0.37574,-0.89133
"SU-DHL-8",-1.40186,-0.97224,2.09747,-0.64353,-4.42995,1.95174,-1.23467,-1.12198,-0.28328,1.03741,2.23158
"SU8686",1.47972,1.04928,0.70782,-1.02405,1.77786,1.51946,1.39234,-1.87968,1.00734,-0.70927,-2.02687
"SUIT-2",1.23069,1.53035,-0.87508,-1.2629,1.5539,0.33592,-0.69099,-0.84864,-0.05313,-0.76334,-2.8393
"SUP-B15",-1.83466,-0.34835,1.67073,-1.2718,-1.02221,0.73186,-3.22098,-0.55646,-0.36742,-0.70703,0.25657
"SUP-B8",-2.76275,-1.65517,2.63907,-1.67587,-1.8,0.26764,0.14656,0.46125,-0.67,-1.00009,2.24084
"SUP-HD1",-0.58789,-3.70828,1.62292,-1.07769,-0.50799,3.38349,-0.78841,-2.57162,1.27417,-0.49897,1.52201
"SUP-M2",1.07548,0.92544,1.52395,-0.60372,-0.35778,2.05983,-2.6658,-3.32576,0.95481,-2.09648,-3.03709
"SUP-T1",-2.38668,-2.10859,2.98939,-3.33812,-2.85215,-1.17413,-0.87488,-0.21993,-2.42287,-0.40292,0.23692
"SW1088",3.92931,2.09847,-0.69775,2.69458,1.74987,0.02888,-1.27468,1.7964,1.18187,1.23703,2.16294
"SW1116",-0.6606,2.12296,-0.97431,-0.2525,1.77404,1.32751,1.57445,-1.11274,1.31996,-2.53927,-3.59589
"SW1271",1.351,2.10301,-2.7779,-0.52908,1.71348,-0.02006,-0.65271,-1.71048,1.34408,0.38996,-0.42035
"SW13",1.60859,-1.64631,-1.15623,-4.18488,-0.92453,-0.9028,1.4364,1.47239,-2.33342,0.34065,1.55804
"SW1417",-0.30916,1.69739,-0.08212,3.0898,1.75761,0.03664,1.26336,-1.01559,0.19316,-3.67187,-4.12712
"SW1463",-2.81703,-1.97356,0.46384,-0.69112,0.18389,-2.15836,1.3009,0.39445,-1.21648,-4.16308,-0.05819
"SW156",0.2449,-0.55149,-1.79237,2.07534,0.7036,-0.8339,1.00614,-2.15191,0.1986,0.55715,0.72061
"SW1573",-0.2356,1.37658,-3.32006,-1.21955,0.76529,-0.25977,-0.97263,0.55193,-0.37257,0.25949,-2.9924
"SW1710",2.02891,2.72154,-1.10411,2.98041,1.8763,-0.52321,0.25167,2.30038,0.87809,0.27496,-0.92371
"SW1783",5.45671,2.28072,-1.93104,1.54748,0.61549,0.72842,-1.13013,3.58927,3.59628,2.95626,-2.03612
"SW1990",0.44789,0.87859,0.75474,1.04439,2.36871,0.72536,0.82571,-2.35805,0.66464,0.02881,-1.31924
"SW48",-1.49769,0.62464,0.01028,-1.69015,-0.31317,0.01386,0.61313,-0.01398,-0.03066,-3.11041,-2.22221
"SW620",-0.41718,-0.98736,1.11553,-0.92737,0.70888,-1.83402,2.23795,0.89265,-1.45187,-0.22514,2.288
"SW626",0.39298,0.51217,0.92451,1.15859,0.66341,0.48169,0.40315,0.51658,0.26104,-1.31285,0.57457
"SW684",0.82695,0.3865,0.32612,5.22976,0.9248,-1.02918,-0.61667,-1.42155,1.36298,1.57354,-1.70772
"SW756",0.86481,1.27043,-1.28422,1.8618,1.44658,0.06489,-0.79771,-1.12671,-0.11311,0.94185,0.76955
"SW780",-0.37266,0.954,0.53063,-0.16059,0.69293,-1.21891,0.67422,-1.76868,0.39768,-0.44762,-1.70938
"SW837",-0.38789,-2.18903,0.18752,1.14386,0.42981,2.16046,0.50654,0.48178,0.41075,-2.29544,-1.89024
"SW872",1.24648,0.80177,-0.47645,-0.58434,0.5105,-0.29748,-2.60324,-0.66842,-0.18093,2.29813,-1.15941
"SW900",1.00177,0.4801,-0.54805,1.30583,1.87659,1.76161,2.42701,-3.38985,1.80307,-1.08972,0.5446
"SW948",-2.24935,-2.61757,-0.13731,-0.38641,-0.96087,-1.01634,1.25298,-0.04238,-1.16315,-4.01399,1.55104
"SW954",-0.06775,-0.46262,-0.4456,-1.06817,3.7993,2.2855,0.68153,-0.21994,1.67238,-0.90744,0.40706
"SW962",3.76076,2.25743,-2.91828,0.85953,1.79949,0.34911,-2.30139,3.19471,2.14022,-0.41574,0.13447
"SW982",2.96603,3.62021,-1.80183,2.13227,2.6264,1.10254,-3.41787,2.17264,1.79803,3.11949,-1.11514
"T-24",1.08261,1.12273,-0.55523,0.76978,4.68083,1.44381,-2.54522,-2.0353,0.96474,1.12384,0.51995
"T-T",-1.24976,0.61327,0.40019,-2.22382,-1.32031,-1.07791,1.88732,-0.28638,-0.72429,-1.26306,0.57249
"T47D",-1.39001,0.59746,0.7293,-0.46594,-0.53952,-1.5635,0.92693,-1.70306,-2.38067,-2.62077,-0.96601
"T84",-2.8691,-3.48664,-0.122,1.15434,1.31435,0.86074,2.10233,-0.24391,0.28199,-4.26755,-0.71565
"T98G",2.5584,4.28811,0.39066,0.77029,0.57246,-1.34726,-1.4632,2.32118,-0.03039,3.14672,1.3655
"TC-71",-0.8731,-0.57569,0.0816,-1.87034,-1.34257,-1.69884,-0.88159,-2.1099,-0.39194,0.16527,1.53506
"TC-YIK",-0.55492,-2.1869,1.11173,-0.61597,-2.48975,-2.71691,0.96132,0.82973,-3.60583,-2.03239,-2.63193
"TCCSUP",1.58164,0.18559,-2.52005,1.32374,0.98918,0.347,-1.08747,-0.53376,1.24795,2.02433,-0.33856
"TE-1",0.57986,0.50842,-1.34438,-1.97342,0.68028,0.78723,2.2361,0.84426,0.5317,-0.76764,-0.37877
"TE-10",0.46051,-0.36348,-0.45653,-0.27662,2.9835,-0.3228,2.96836,0.89819,0.69724,-1.40887,-0.42528
"TE-11",-1.51208,0.12498,-0.39585,1.50469,0.91228,0.31274,0.99726,0.12321,0.45389,-1.05273,-2.65834
"TE-12",-0.00767,-0.59008,0.88896,0.08649,0.26089,-0.99156,2.35567,1.1355,-0.88441,-1.04815,-0.62304
"TE-15",-0.28007,1.80938,0.82052,-2.00204,1.81133,-0.60521,0.47579,-0.54487,0.29912,-3.96174,-4.49518
"TE-4",-0.19279,-0.37422,-0.32185,2.11096,-0.72891,0.14533,1.19503,-0.53285,0.65154,-1.9461,0.91787
"TE-441-T",0.95351,1.83954,1.38552,-0.56385,-0.70837,-2.76508,-2.55262,1.02419,-2.24866,2.31055,3.5645
"TE-5",0.16649,-0.10025,0.80923,2.84596,-0.16444,0.14763,0.63203,-2.75831,-0.27068,-0.17308,-0.88214
"TE-6",-0.43109,-1.85291,-0.72072,3.79651,0.65782,-0.00564,0.44482,-0.02253,-0.41206,-0.12369,3.62272
"TE-8",1.0065,1.37017,0.26394,-1.33913,0.71168,-0.55031,-1.69769,1.69521,-0.95944,0.79694,0.92732
"TE-9",0.04723,0.80379,0.70741,0.16565,1.28028,1.10074,1.85961,0.75986,0.42004,-0.43741,0.64551
"TGBC11TKB",-0.78227,-2.41965,-1.15478,3.20828,0.37079,1.38675,1.07301,0.40521,0.33554,-1.59991,-0.26865
"TGBC1TKB",0.32878,-1.71658,0.12089,2.02843,2.11087,0.29639,3.20925,0.28461,1.14634,-1.06207,-1.11413
"TGBC24TKB",-0.10277,-0.02064,0.56745,3.209,0.02709,0.05117,1.80212,-2.54904,-0.42244,-1.90478,3.88549
"TGW",0.13107,-1.41594,0.69183,-1.14808,-2.28466,-2.19847,-0.04466,1.65086,-3.47841,2.15959,1.87777
"THP-1",-0.96112,0.07598,4.27571,-1.62209,-0.90275,1.89929,-1.99283,-0.11644,-0.51518,-1.37767,-1.57587
"TK",-2.05129,0.02151,2.23199,-0.20631,-1.33133,-0.00628,0.48024,0.17024,-1.04632,-0.58741,1.1855
"TK10",0.92101,-0.0681,-2.78672,3.35737,1.53465,0.09208,2.16236,-5.4024,0.76652,1.02495,0.66165
"TOV-112D",-0.33125,-0.74174,-0.0321,-0.53114,-1.07296,-0.77294,-0.50576,1.88864,-2.54395,0.10024,1.15931
"TOV-21G",0.48145,0.21119,0.89738,1.46143,0.69639,-0.37616,-0.80698,0.26831,1.51713,1.5147,0.63552
"TT",-0.41232,-0.61407,2.27399,-0.8112,-1.51764,-2.80463,0.0637,1.20337,-1.02649,-2.24775,-0.62097
"TT2609-C02",0.53334,-0.10479,-1.4602,-0.65004,0.60556,-0.11441,-1.24555,-0.47769,0.90274,0.95458,-2.34107
"TUR",-2.00848,-1.22171,2.36644,-1.73066,-2.00052,1.80468,-2.64016,0.46174,-1.51781,-1.4745,-0.13663
"TYK-nu",-0.5594,0.65591,-1.94516,0.67759,0.74654,1.20439,1.18186,-1.07515,1.0792,6.82435,-0.49117
"U-118-MG",4.53804,1.49302,-1.85357,-2.58651,0.14504,-0.57498,-6.24394,4.13683,0.38808,0.23784,-1.01842
"U-2-OS",1.12635,1.31238,0.03542,-1.07516,-0.32761,-1.71647,-2.15925,1.62868,-0.34382,-0.31146,-0.20377
"U-266",-0.55184,0.28454,2.13754,-0.25662,-1.73551,2.47699,-0.34346,-0.79515,-0.28087,-2.39127,2.37193
"U-698-M",-3.35201,-1.05521,3.07432,-2.39349,-2.65769,0.30922,0.37216,-0.0055,-0.21298,0.06146,1.26328
"U-87-MG",2.52228,1.9174,-4.00331,0.19489,-0.92055,0.39656,-4.53502,1.94478,1.23659,-0.13788,-2.58117
"U031",1.35261,2.48386,-0.79171,0.09049,1.3965,0.2129,-1.86329,-3.34834,2.5051,0.66703,-1.47312
"U251",0.97994,-0.44043,-2.31046,1.34083,0.40707,-0.37487,-1.89853,2.25381,-0.48557,1.60336,0.46687
"UACC-257",-0.53425,0.69199,0.80018,0.10139,-0.58996,0.12739,0.20269,1.6492,-0.68354,3.49249,-2.40706
"UACC-62",1.99279,0.53311,0.44043,-1.27349,-0.30509,-0.81612,-0.60722,2.47615,0.52972,1.98333,-0.6756
"UACC-812",-0.52498,0.03331,-3.05908,0.40085,-0.53806,-1.21241,0.47271,0.4296,-0.67564,-2.71171,-0.49819
"UACC-893",-1.05095,-1.22488,-0.08945,0.02345,-0.4567,-1.97899,2.65382,-2.07515,-0.84332,-0.63369,-1.90046
"UM-UC-3",-0.8624,0.28562,-0.21528,0.61424,1.21805,0.28988,-0.71526,-0.88756,1.12012,0.16247,1.95948
"UMC-11",-1.55372,-3.19149,0.27595,0.9268,-1.23235,-2.72695,0.4732,-0.94467,-0.62444,-1.54468,4.07601
"UWB1.289",1.4089,0.04099,0.25538,1.95963,1.05534,2.24571,1.02492,-0.57716,1.72754,0.05475,0.04408
"VA-ES-BJ",1.55047,-0.19024,-1.01966,1.95067,0.34152,-0.97605,-0.96618,0.52346,0.86502,0.08406,-2.39479
"VAL",-1.03596,1.39778,1.59576,-6.59302,-3.5912,1.87517,-3.24614,0.3145,0.09779,-1.03695,-2.08307
"VCaP",-3.648,-0.4449,-0.73968,-0.79288,-2.01557,-3.23645,-0.02248,0.10173,-1.132,-2.8155,-0.30153
"VM-CUB-1",-0.08256,1.11744,-0.89604,0.13194,2.3443,0.21093,1.67585,-2.81962,1.31228,-0.29804,0.50024
"VMRC-LCD",0.10636,0.32311,0.88546,0.44103,-0.35844,-1.74382,0.79129,-0.52203,-1.14195,-2.69117,4.3847
"VMRC-RCZ",2.88161,2.41035,-2.9242,2.83755,0.74573,-0.75455,0.12705,-0.89761,0.42708,1.0906,1.46687
"WIL2-NS",-0.57668,-0.74518,1.58269,-3.73444,-1.5576,3.61192,-2.75453,0.09267,2.5196,0.13282,-0.07379
"WM-115",3.37933,1.67952,-0.71352,-0.49245,0.2992,1.10415,-3.2649,4.01078,2.13308,2.18249,-3.38156
"WM1552C",2.87798,1.34258,-0.04403,0.35837,2.50335,0.4619,-1.24739,2.19128,1.64831,1.01716,-1.26851
"WM278",1.54671,0.31047,-0.33995,0.32957,0.02033,0.23804,-0.42342,1.76191,2.37193,6.24922,-3.48655
"WM35",0.01998,1.50456,-0.56785,0.16933,-0.54457,0.33183,-0.91452,-0.64154,-0.23591,2.64559,0.33376
"WM793B",2.22051,1.35875,-2.0188,-0.85628,0.67604,1.36906,-1.16131,-0.23329,2.79452,3.62303,-2.98415
"WSU-DLCL2",-1.14797,0.26622,1.60047,-2.26772,-3.40118,0.12784,-1.02062,0.38557,-0.0866,-0.25446,-0.92429
"WSU-NHL",-1.93118,-0.33093,1.93159,-1.71053,-1.59054,1.78999,-0.20141,-0.22702,0.62071,-0.20607,3.07334
"YAPC",-0.04335,1.15833,-0.26794,1.12241,0.50582,-0.08453,1.43582,0.16462,-0.12512,-1.00631,-1.54203
"YH-13",3.15229,0.72621,-1.91922,1.18706,1.11022,-1.07972,-0.88221,4.64567,0.78776,0.94251,-0.75215
"YKG-1",2.82369,0.58662,-0.89423,0.1517,0.81932,-0.77747,-0.70696,1.65576,0.07424,2.76155,1.43034
"YT",-1.95803,-0.75395,2.39633,-2.42539,0.05469,2.88691,-2.45137,0.25891,-0.40719,-1.74639,-1.26666
"ZR-75-30",-2.9365,-0.74077,-1.54703,0.85946,0.28336,-2.90615,0.59866,-2.36254,-1.09946,-1.60498,0.8741
